FGL,name,l,b,Class,CT,nH_LAB,var_inter,var_intra,nobs,ncounts,fb,pl,pl_l,pl_u,log10Z_pl,mk,mk_l,mk_u,log10Z_mk,nH,nH_l,nH_u,bb,bb_l,bb_u,log10Z_bb
J0859.3-4342,J085927.0-434528,265.1473172664631,1.4499867091919751,CV,2.4518071908108108,21.805146022679445,,0.9999999472202746,1,6082.4601287333,1.5881331299648788e-12,1.633862940568946,1.58003966562337,1.689155238505446,-10.448968846960984,0.8932456479827465,0.8547768640304862,0.9358661585314778,0.0,22.415318206076144,22.40310524559837,22.42744030393288,0.07310089264246367,0.0652344612301663,0.08067033976652117,-50.309149756658655
J1725.1-3408,J172508.8-341112,353.22718025367556,0.8293228632946629,YSO,0.3355955721555236,22.06760439643354,,0.0553767012881399,2,6323.1252979359,1.1472491451124098e-12,2.7982185958936854,2.739898175441347,2.8552367794891937,-4.157647522063872,0.330675208667924,0.3158695716028246,0.3466307359660088,0.0,22.110176091732328,22.09159983499556,22.127176698164057,-0.18448182908030433,-0.190069932730744,-0.178983921453797,-32.98586173823569
J0859.2-4729,J085905.6-473041,267.94126431722384,-1.0576482493819592,YSO,4.286868824187752,21.86632627403591,,0.989917432110996,1,6568.3346429769,7.153639863017912e-13,3.6117371257696256,3.5466215588295196,3.6729440118623367,-6.374728758215647,0.1068537894548578,0.09867814348835145,0.11525851491117356,0.0,22.43867819500442,22.4293852772442,22.447544881963967,-0.2270438484391386,-0.2328452940886425,-0.2214805500641397,-47.39494689667231
J1742.5-2833,J174216.9-283707,359.8869417562904,0.7891955586554535,CV,1.907401744183586,21.970770786450203,1.0,0.9999999999997052,2,907.7326995299101,4.837333733141399e-13,1.7178117534635495,1.5661784532547927,1.8687762511624668,0.0,1.1980090732973028,1.0295215225766392,1.362582165126866,-0.6490643323424358,22.41158164745154,22.362881312339407,22.455282666681533,0.06414472287518214,0.04545670781740178,0.08379662106830388,-5.186411565955784
J1743.8-3143,J174347.2-314025,357.45924504060486,-1.09340187084853,LM-STAR,4.563578349176826,21.947854912110543,,0.39407360494388,2,286.44660608809,4.572943795333628e-13,2.527129487034591,2.298927445201492,2.779353873752086,-1.5111895473223493,0.43797751936582574,0.3726035362740341,0.5139723949460255,0.0,21.178405435478,20.965980811774926,21.31897145115625,-0.28927958104777574,-0.31036001424988324,-0.2653530064837599,-4.099517761814929
J0859.3-4342,J085932.2-434602,265.1647218330839,1.455519259014531,CV,0.2328329655141502,21.80533774201411,,1.0,1,1636.8864637894,4.0610558919799334e-13,1.5211716408418905,1.4151854042958432,1.632573017917802,-2.411429309163147,1.0763172088258095,0.9816158193276997,1.2223569627688076,0.0,22.32503142494672,22.29691944388407,22.349929426886654,0.08197197992584913,0.06702166389015284,0.09664509287547896,-14.581905371753653
J0639.1-8009,J063805.1-801854,292.04043644636005,-27.271202147327074,CV,0.3696375258411112,21.047352472454374,,0.9999948789722108,1,537.90518032784,2.803056182641577e-13,0.2162139503152569,0.13530184392908007,0.2980688664249831,0.0,1.454484183176652,1.4186056566798495,1.4716125264887117,-30.868013913818267,19.621080503165064,19.180832602110968,20.17674896815477,0.282106300950828,0.24770336297685783,0.31586599635325296,-14.553799733978702
J0859.3-4342,J085928.0-434510,265.1457955367032,1.455533757930541,AGN,0.5223641897483132,21.804729731237643,,1.0,1,883.5578953145,2.787638668023181e-13,1.661560983917595,1.476973682010989,1.8422480040344464,-1.2053150912631982,0.9116757948938418,0.7876712169680813,1.0874539777992456,0.0,22.742342005895686,22.707112992988566,22.774377205974936,0.12546673978241252,0.10264456683555157,0.14886360105465,-3.6330585919629983
J0859.3-4342,J085926.2-434527,265.1456750750602,1.4482236853764,YSO,3.858035024594593,21.805209905500178,,0.984700813428226,1,1035.2710361181,2.29389984278586e-13,2.691960956207999,2.5320282873825866,2.852785362165468,0.0,0.4443622726616399,0.4050222184349778,0.4899730285810573,-0.3914381451131668,22.607842611967712,22.57477482328373,22.642051109059068,-0.058968707764950334,-0.07434505320354788,-0.04253228911079798,-3.5658045017992683
J0058.3-4603,J005806.2-460419,299.3772577039924,-71.0102804535453,AGN,0.498918818821785,20.163741608469724,,0.47279335457771,1,76.804787078292,2.269985789340516e-13,2.956404535840229,2.432869765195499,3.550873147872944,-2.45456627923697,0.1827345678202665,0.126889060613232,0.2541413089085977,0.0,20.491154430323927,19.585971287918277,21.070556257610725,-0.39530479270919855,-0.4476611825901677,-0.3432389623071046,-4.151075062371417
J1740.6-2808,J174042.0-280724,0.12360941879051701,1.3463860943434391,CV,0.6571188429025558,21.856063383264754,1.0,1.0,2,430.555011236809,2.174010951230373e-13,0.2714173074887132,0.05231220187580727,0.5108910991817601,0.0,1.3931499688419064,1.2745587089728545,1.4557850353723985,-4.619058358628696,22.126097236754976,21.940654104558945,22.26419974290764,0.4195463203975143,0.3517256341567632,0.49406188597084766,-0.448973606650599
J0859.2-4729,J085902.1-473016,267.9297222301118,-1.060681839175818,YSO,3.467789689031733,21.865582411291125,,0.63005896630892,1,1125.3998680349,1.6677903603281302e-13,2.45244186477686,2.3175633902956827,2.5833260098822866,-0.6113752237616678,0.49008226331568205,0.4529995796343893,0.5393624754181361,0.0,22.394061113502683,22.364881524783,22.420854185662783,-0.06185555771406426,-0.07473057759220003,-0.048419048271233674,-2.9875679097752834
J0859.3-4342,J085903.2-434834,265.13945935500357,1.3620205672141175,YSO,10.28457989460279,21.810671639102633,,0.9998735785862304,1,910.95215521156,1.646524404148805e-13,2.812244521141443,2.669048551094563,2.964275005943075,-0.5798376946695416,0.35098245818361784,0.31354326792149334,0.3919097572711125,0.0,22.237659132399273,22.197453894085783,22.275871325246072,-0.14779210302308687,-0.16396883784399563,-0.13150486484928703,-5.939366736168136
J1740.6-2808,J174036.5-280840,0.09507441977212275,1.3524143201998386,NS,0.233946034619879,21.855618317897747,1.0,0.9994150459652402,2,293.35919878866,1.4724719171781325e-13,0.7367714993291334,0.42909545099137864,1.05082435937339,-0.11329120736952256,1.29230844596783,1.095865876855564,1.4283338726226027,-0.642360341947421,21.152590367926475,19.763017337429975,21.779691326386207,0.3143397348336201,0.25372199678131047,0.37814013396036666,0.0
J1742.5-2833,J174237.6-283726,359.92242207061156,0.7219589542800258,NS,5.11329437355159,21.97988282931202,0.704,0.931226072638446,2,102.375485842838,1.219339550660702e-13,0.6642950969066348,-0.2305241673811924,1.7087788071604049,-0.0017293617198120969,1.1721771231321214,0.8646965707108347,1.3866220828863942,0.0,23.39266430783028,23.311214308530882,23.474226733707223,0.49743530525372925,0.28771600041755846,0.7875617291371064,-0.012176494204123287
J0859.3-4342,J085910.9-434343,265.093637356933,1.4323089253768244,HMXB,1.5730092472362631,21.804574920038284,,1.0,1,349.93368809119,1.1993593858250714e-13,1.6544727878797616,1.268712288334858,2.056047348374136,-1.3331765095930872,1.113257073815174,0.9405777533012333,1.3315254285989844,0.0,22.93628688819817,22.894284125990946,22.980344123877813,0.17642089762348467,0.12733531277200055,0.23576615841155887,-2.2986156035943797
J0335.6-0727,J033532.7-072741,193.82174539727427,-46.46352017606736,AGN,2.304350114263687,20.62471946236217,,0.907445072815822,1,96.396306986997,1.1093356074614088e-13,2.209313571468239,1.98401253272742,2.4453082738287506,0.0,0.6050824199181497,0.4827011967749794,0.7761065013083525,-1.6465653508081237,19.994423667021778,19.29177512928747,20.724393332304533,-0.44408705765853446,-0.4851267588946433,-0.39965594515097047,-6.504257805299811
J0859.2-4729,J085853.9-473051,267.92178912782435,-1.0845303897731717,YSO,4.066399204028122,21.864756305061096,,0.972439895499378,1,706.85297905051,1.0703942374813049e-13,2.236204071314349,2.0731338669959567,2.407597471945001,0.0,0.6401812649015318,0.5570694016173412,0.7415212187159512,-1.4304503376109023,22.378436689873595,22.332411743133825,22.422205354204007,-0.04241327326240273,-0.06136802853118173,-0.023360569633119607,-3.7127922224531704
J1032.0+5725,J103143.2+573252,152.10208246122207,50.92417051697265,AGN,30.824433394945263,19.81342191337204,,0.1501348269922,1,396.73850379986,1.07009269752431e-13,1.858175602945637,1.7068246366856719,2.0182262303066048,-0.27693824161003106,0.8618860991805904,0.7414327395421889,1.0304071262587993,0.0,21.10462188199103,20.829505899655302,21.287062192709957,-0.15747241917882837,-0.1744124476210382,-0.13901204411677387,-7.932578414852129
J0859.2-4729,J085903.6-473040,267.9374273357759,-1.0617346024239964,CV,0.2586779824446451,21.866044846075326,,0.994086331188896,1,517.49076664279,9.971964502821808e-14,2.023417034986667,1.774278760796821,2.29617145831552,0.0,0.9727137979196476,0.7486999479124605,1.2114039378635466,-0.09289914361516846,22.690519116386294,22.62991035325328,22.74792746379606,0.0605381169251582,0.031079987239205572,0.0926304335291248,-0.052034051445629545
J2059.1+4403,J205824.0+435354,85.12967782636352,-1.2146980233924167,YSO,4.9387613682739975,21.880335784770697,,0.9999999992327584,1,368.89193821771,9.968556051600021e-14,2.3002917083950525,2.111488889063142,2.500329410432172,-0.7770837869658964,0.5490778347813284,0.47971565792326376,0.6303756203671492,0.0,21.64435568146802,21.555779777374966,21.724797168919302,-0.1564521371341487,-0.17648167458042474,-0.1368139349173214,-5.595562822247997
J1844.4-0306,J184441.8-030551,29.407086355918523,0.08562174656604393,NS,1.5082840166493918,22.257535799193587,1.0,0.9166469170350732,3,927.216517697196,9.905014991959857e-14,0.9382869079198765,0.8267539347553167,1.051448983665948,0.0,1.4135417033623967,1.322385110203344,1.4613934242871671,-1.936736083243446,21.77604131171868,21.671399019590304,21.863657404183044,0.12200006323143686,0.10749118164970595,0.13968129032493157,-3.7245012059841867
J1818.5-2036,J181920.3-203952,10.969158947135702,-2.560106973464228,NS,0.1667469197597738,21.671912530217117,,0.933167210277308,2,477.48343368596,9.870615987225193e-14,1.5292586039439247,1.2825361854941493,1.779191742179094,-0.33183803896344655,1.2973962863215367,1.112037859881433,1.4229632895339468,0.0,22.449204621753328,22.405438317490983,22.491920156557175,0.09015797071118525,0.05756449660663399,0.12325359072331075,-0.054170671492145085
J0859.2-4729,J085906.6-473022,267.9390788217735,-1.0521032968642734,CV,0.2768039219775762,21.866255400304183,,1.0,1,254.61250512556,9.001822796468173e-14,0.3475275060867,-0.4237101525591234,1.201156050195909,-0.7430155824727588,0.9716649916360836,0.8082192081754469,1.1892415754851036,0.0,23.521578543802416,23.47481602056913,23.56970849613556,0.581923466716733,0.3909202335365891,0.8235102943316512,-0.9512641129578917
J0859.2-4729,J085905.5-473036,267.94009959658416,-1.0570111617323517,YSO,0.8028299968943886,21.866262263066396,,0.9900787676459464,1,685.26484331658,8.959893277645604e-14,2.4703056960216863,2.2950846012197643,2.6616533124130206,0.0,0.5052679974568035,0.44220957853866527,0.5765137235408715,-0.39632380403758133,22.47313736816635,22.429212196223887,22.51854976916581,-0.05090927335901752,-0.06970796543785962,-0.03071017081303484,-5.594952813337646
J1843.7-3227,J184316.0-322414,2.7533156660335085,-12.566518724859675,NS,2.75315029836545,20.908651012797137,0.583,0.78504481377763,2,447.816936223801,8.482236585652839e-14,1.8486942186177175,1.6801560355787934,2.034635626528001,-0.8254387265841351,0.8150490822369286,0.6964707594744957,0.976397420341577,0.0,21.962089047863365,21.89364145845108,22.032695851451205,-0.028533693921702016,-0.05181663004538711,-0.007027677335089688,-6.174749433509741
J1615.3-6034,J161519.3-603852,325.49391866976,-7.050090497817599,LM-STAR,2.407877856365051,21.268771792395405,,0.9999907289686976,1,127.13893503763,7.987105151513537e-14,2.7928801629252207,2.3806725447525574,3.176697796063756,-0.24558673170210746,0.37854186603813567,0.3032698024216873,0.4597326861841285,0.0,19.958129433575206,19.325116719949182,20.650121822467604,-0.3605450743167431,-0.3920504862357128,-0.3263492749458692,-2.3066295728517616
J0859.2-4729,J085903.5-473058,267.94099647811043,-1.0653489919317316,YSO,2.761005091256806,21.866225497449857,,0.9999999811138556,1,520.83485727766,7.906779541488802e-14,2.4122532149232514,2.203581096624145,2.606534553146648,-0.4599994390245212,0.5157732568286213,0.45049399794506945,0.5948956554727844,0.0,22.3962837127764,22.350243549065986,22.440042495381384,-0.04565803236449839,-0.06790043318793959,-0.02513702438296431,-2.1661634502634923
J1725.1-3408,J172510.9-340843,353.26556923643346,0.8464700255293314,NS,0.1485032555623668,22.06355478744211,,0.99842217170428,1,114.76768175328,7.71483912797199e-14,1.509074619031637,0.9536106528005464,2.13390378386378,-1.0926123256798828,0.8947562058449188,0.6400577610733201,1.2168412549365777,0.0,22.76584922057452,22.67593663760078,22.851491294490664,0.1794856299862304,0.10276966890671271,0.2792823287996597,-1.6219755005807717
J2059.1+4403,J205846.9+435151,85.14896200451798,-1.2891680778859511,YSO,3.320524556946907,21.869160604012073,,0.9999999999999284,1,101.44880288478,7.499286248618388e-14,1.7314651286506448,1.0648006072983056,2.455043973733672,-1.211430826846264,0.7220970601012744,0.5308147023295884,0.9962428541359662,0.0,22.795597213099988,22.70751255975089,22.88834830947857,0.130538617538813,0.04223179541381893,0.2392359469371872,-1.4947593521093365
J0859.2-4729,J085854.2-472841,267.89514551446877,-1.0602357132076339,AGN,0.1907871733503841,21.863454527776053,,0.948965058991316,1,327.91100315884,7.325746961159052e-14,1.9356393884057623,1.5880047022230093,2.294317952388217,0.0,1.2475082751553859,1.0423469560221539,1.401632898518824,-0.17399370561837316,22.833219008289536,22.755039025304175,22.903748470459483,0.09590855137234167,0.05460613957400762,0.14003620393322125,-0.08338876773978733
J1256.9+2736,J125740.2+273118,49.15119249178802,88.5609977601807,AGN,56.03920523929851,19.906189102839125,,0.96386955388487,1,313.17864973855,7.308439916427599e-14,1.957276979028526,1.8430198130535107,2.09805499660286,0.0,0.5971906613503537,0.5255592749620412,0.6877345140440064,-0.15952324478077715,20.21487727338514,19.42708222234745,20.89973732934126,-0.23042572515974105,-0.2504840701224777,-0.2102260124140632,-13.467028992575754
J1435.4+3338,J143542.6+333404,55.316692941668606,66.67186284998698,AGN,427.5642472373269,19.96544478732667,0.141,0.82777243639557,1,117.43834430083,7.21221709043628e-14,2.0680761948522504,1.863413525783005,2.296803676827686,-0.118107716833146,0.5437697251766074,0.43427955540335533,0.6687675476862749,0.0,19.75983893522577,19.245176239277377,20.3822951079916,-0.3287411521984937,-0.36731594257084943,-0.2924271255108728,-4.167220158534847
J0859.3-4342,J085927.5-434528,265.1484612973235,1.4510661483332832,HM-STAR,0.7288682283783737,21.80511131278898,,0.52741096446314,1,406.3067171405,7.167739753008812e-14,2.7020224219322184,2.464981679950842,2.946425917321081,0.0,0.41066106377671846,0.3490409270688595,0.4827868633741114,-0.1384045512405149,22.35194929007002,22.287842555259697,22.408923884768477,-0.10727753232629088,-0.13203584681181724,-0.08342220444088971,-4.017033957709691
J0639.1-8009,J063554.8-800814,291.8380684003984,-27.358909568420685,AGN,31.02719315098249,21.041128718331297,,0.52233435119856,1,185.97353857829,7.032713957462657e-14,1.6866442306906055,1.343955347610815,2.02459745251518,-1.5939659723317552,1.0293063748997286,0.7732587216663667,1.2914448564926715,-0.593853428140076,20.1134111063562,19.393422915886237,21.01238683505836,-0.041602509958283296,-0.070855055349206,-0.0097716786708113,0.0
J0859.2-4729,J085902.0-473209,267.9533288191739,-1.0813964938145788,AGN,0.4126745339757272,21.866849490348777,,1.0,1,315.23846648759,6.978626212111966e-14,1.768429860980992,1.4445113611365459,2.0826241129355503,-0.7702411162384629,1.0709777261760192,0.8544827492343327,1.2993153706945604,0.0,22.721979197940545,22.674290201954996,22.767435483715623,0.12441830027043,0.0830271256643122,0.16649631057459002,-2.476321589178209
J0859.3-4342,J085926.8-434933,265.1984352034172,1.4048820564655038,AGN,2.174128997079064,21.80978831302247,,1.0,1,247.77010750137,6.912699319512407e-14,1.917401336511772,1.5861447431429532,2.2515789929183736,-0.7197321767269391,0.8018331085365817,0.6115317480143785,1.1126003681250562,0.0,22.560830292675977,22.48137304031638,22.63559878618525,0.0799042208015992,0.038531490537471846,0.1251225721783804,-1.8205373512936538
J1502.6+0207,J150237.4+015813,359.86332806791887,49.76133864041631,AGN,73.87914109960245,20.62781698858218,,0.19944445040547,1,68.845073437076,6.906456100309275e-14,1.6448036122795893,1.4033016321918204,1.9386186057116888,-0.5844178201243119,0.9623093001837619,0.6984444662070004,1.27604166933157,0.0,19.954119744067164,19.3122806796934,20.605689298728954,-0.213324214745966,-0.2533200083758316,-0.16776749939475605,-6.013514883539015
J1032.0+5725,J103202.9+573208,152.07656377193865,50.96683031394324,AGN,7.280492321021126,19.807170190289,,0.3575911368172599,1,231.85933421135,6.69291418092279e-14,1.588319271358725,1.4630697755999504,1.7166031507332065,-0.42302236368710583,0.9808635910243859,0.7950646365015248,1.2036574885423708,0.0,19.79567876363963,19.241773881323656,20.40031002544768,-0.16613409515481825,-0.19056766694361688,-0.14112662591660197,-15.725111153311387
J0859.2-4729,J085905.7-473009,267.93475435554933,-1.0516329318839628,NS,0.8557398753904019,21.866000889539812,,0.82817145142989,1,389.39745888234,6.554610858535514e-14,2.2042916125174767,1.9601249259334992,2.4542949184451297,-1.5564475414006909,0.5772312834199684,0.4875805798189559,0.6986254520363622,0.0,22.42596449898843,22.3657530695698,22.480968292847148,-0.014141958321187696,-0.04370966689028588,0.011258932520057828,-3.75213189834827
J1804.9-3001,J180445.6-300418,1.117443860655745,-4.1695923513741935,CV,1.0957522068128949,21.44180467519579,0.917,0.974091911877576,2,279.991588532108,6.554443050860075e-14,0.81749878417678,0.6120674843991565,1.0209259019506127,0.0,1.284647917514266,1.0868774839227222,1.423303916898126,-0.4774917904314818,21.78062465957519,21.584801248989034,21.934409286016297,0.15387737097761223,0.12243397962058376,0.18768230023044863,-0.6240338052905408
J0859.3-4342,J085930.9-434647,265.1716859297104,1.4442875696533566,YSO,6.945804137492688,21.80630762658946,,0.9999991295393372,1,407.59814760223,6.493900091662555e-14,2.6675296548390346,2.4585244155739323,2.9011663265652214,-0.1995354614924899,0.4126645881001003,0.3442598088877571,0.4869738695500707,-0.9624538202130937,21.67700972387856,21.512472915775348,21.79283933878696,-0.13195132507977725,-0.154635726671982,-0.10867799416947088,0.0
J0859.3-4342,J085935.8-434457,265.158256460457,1.4757710962241024,YSO,2.3167310357355886,21.803783813831604,,0.9982563504900038,1,344.01489112451,6.227808825081243e-14,2.9323552228181646,2.6484542435944194,3.2243477407733145,-0.4824572587867368,0.3645822600419619,0.3060600247801728,0.4381336349283386,-0.17671956974475345,22.093538059496648,21.990036543881462,22.175213427497884,-0.12252670743761396,-0.1482724899259051,-0.09617465925236779,0.0
J2236.9+1839,J223708.5+183939,83.83199785614113,-33.82306143438771,AGN,1.0891206549534649,20.642984537023114,,0.73128798928264,1,64.004005544551,6.116137488099084e-14,1.3115307652789063,0.8894948364673323,1.9160394252709927,-0.4134807782617294,1.103511481908745,0.7279923576354936,1.3674267108641067,0.0,21.65998356707856,21.1548363260299,21.929718785387426,-0.05070353684954654,-0.10554050736139776,0.009445312927371939,-0.4721701924004898
J0639.1-8009,J064126.4-801048,291.8947769443152,-27.124339700087518,AGN,0.1650643286881459,21.05201942727118,,0.9919705006259396,1,172.6435355773,5.988120283201646e-14,1.8823806675705084,1.7010466697460993,2.080438386806556,-0.6371664029410167,0.6822893794624014,0.5748802765716736,0.8346145058081542,0.0,19.90631536281896,19.299098761631765,20.64234648830689,-0.23789105642773187,-0.2754173141658809,-0.20238601717389212,-7.702546005574935
J1046.7-6010,J104642.3-600904,287.99599481584795,-0.9473598607225809,LM-STAR,3.5279630093873413,22.108493953343455,,0.88234799276635,2,811.7213453637801,5.72916478404929e-14,2.4154943399890474,2.2479489081019484,2.5852711185070887,-1.1220514024462078,0.48211658764076537,0.42357537251541966,0.5425263366968092,0.0,21.490306488883313,21.38947557181511,21.579504884693712,-0.22977100715332496,-0.2455530069366549,-0.21153125549216603,-8.975203306721811
J1025.9+1244,J102557.9+124109,228.64594334183016,53.06163165550798,NS,1.245736600224065,20.52324694776085,,0.41818014082468,1,71.805989802765,5.521556028556384e-14,2.570975096186534,2.2298144405425377,3.0442643549243806,0.0,0.46489344199994254,0.3822747059608576,0.5535723804996986,-0.5239052359687212,21.355373773954376,20.724749582614766,21.61984518952948,-0.38697806300673193,-0.43616116442628167,-0.34238815985758464,-2.954470060057156
J1725.1-3408,J172516.8-341211,353.2289849799662,0.7974901531944472,LMXB,0.3261808494738948,22.074289706060746,,0.9999999980448084,1,144.35962385075,5.36453335721012e-14,2.137903637897625,1.8211990890227376,2.4943525409415184,-0.21619664163321226,0.7161680368195693,0.5139290678941097,1.0137263045485108,0.0,22.00728380056101,21.853999660999907,22.135412072999447,-0.05525490383631659,-0.09575670533413347,-0.018449488266969016,-1.1436874656610856
J1804.9-3001,J180510.9-300900,1.0932005251887273,-4.287184168879257,LMXB,0.6879163990458531,21.434446821830143,,0.915241761798107,1,119.66938647516,5.332398437028672e-14,1.2423845039678323,0.8903475815480942,1.8060644484131825,-0.37041109156005303,1.1268158031984288,0.7764644776103433,1.3764557200576604,0.0,21.76303372112529,21.29937808659995,21.999694933317947,-0.014513696805412923,-0.06948666331480452,0.043474553197422765,-1.121779602674259
J2059.1+4403,J205743.9+435858,85.11509905152803,-1.0685110858429747,NS,1.4999197934713595,21.893720063007436,,0.86500262164176,1,62.26643498498,5.2172151872704284e-14,2.276892874139592,1.129168422959903,3.5842472522030575,-0.21109892984465925,0.9424884187063601,0.5105019569040624,1.3169513759612588,0.0,22.943617081073004,22.81472891723263,23.09506270503911,0.1457619907930594,0.012782929921606456,0.33614164841911937,-0.2870695183892767
J0859.2-4729,J085909.6-473025,267.9453052428343,-1.046399823006205,YSO,1.0558122755426205,21.866688178807777,,0.9999999899255952,1,291.71008073983,5.146918393521674e-14,2.519010953631928,2.2046713845207258,2.8702538608228614,-0.3310306859046148,0.5173886087773669,0.4193022617205686,0.651521379412876,0.0,22.690033918074327,22.62125644738211,22.746103462982845,-0.0034915306561407178,-0.038635907439785726,0.03173664297290113,-1.0669468896540986
J0859.3-4342,J085919.1-434318,265.10442123062114,1.4557235091182514,YSO,3.0431227166095587,21.80338723395807,,0.59468284804775,1,323.38378831541,5.1435562219034454e-14,2.6272179844926566,2.395346241571583,2.8854102929999224,0.0,0.47230478328407854,0.39040689871469375,0.5618915694685251,-1.0402089102962615,22.24360265979807,22.171805437485062,22.31496584105082,-0.11701216585441589,-0.1408521937274667,-0.08910259768415772,-4.253963790665127
J1435.4+3338,J143513.2+333118,55.242189186337214,66.7797674529061,AGN,8.646923789163852,19.96417707475067,1.0,0.57650630327803,1,108.89986460595,5.1411529056453254e-14,2.6108382966334758,2.161953690933155,3.1029941368376788,-0.44736315717128394,0.5603020537808177,0.4458640779263082,0.7024763421870346,-0.15206454547972012,19.95021395551551,19.26399877662869,20.704940743030566,-0.2879010869948111,-0.32257640386844066,-0.2539202135070586,0.0
J0859.2-4729,J085906.9-473102,267.94808390484224,-1.0588667823433366,NS,0.6271025383828082,21.866730331202998,,0.9993485208860176,1,205.43873517639,5.099646989038178e-14,1.9094696938851945,1.4427327443786044,2.412091181157872,-1.7185026459310135,0.7865046584382421,0.5985934246769273,0.995157175362675,0.0,22.906822304525075,22.84027000038692,22.97855166556512,0.14290391253475132,0.08840688278490062,0.21130817412274827,-2.8946882745346896
J0639.1-8009,J063719.7-801230,291.9196165759433,-27.3002650134325,AGN,10.42811715694942,21.04502378948568,,0.962033156405288,1,115.03594975388,5.0174162895496e-14,2.0711622510384986,1.5777874908948997,2.549672647980344,-0.32194103448844913,0.8781366082705895,0.5973539305153635,1.240952813194688,0.0,22.44335979892661,22.338120695861576,22.54048374193336,0.04683645789575274,-0.01756664178441758,0.11925610255193586,-1.1650277513648417
J0737.4+6535,J073733.4+653307,150.62937762119907,29.256508291746112,AGN,2.29504803263252,20.646750683064173,0.976,0.65795743205166,3,1038.63943388943,4.787621595364318e-14,1.9511412269813488,1.8431602943572256,2.0652248936452224,-0.7718030478785424,0.6865769543865411,0.6337642812523248,0.7429616622211187,0.0,19.869950694898534,19.286155970289116,20.39998428784472,-0.27006279807976363,-0.2826460761231217,-0.2584036269512553,-38.44156191258298
J1843.7-3227,J184337.6-322514,2.7699229715539766,-12.642526963895465,AGN,4.84802826864727,20.906289941376183,0.813,0.952610761361432,1,239.08199789428,4.408405935696017e-14,1.3572572190164505,1.2119131943650796,1.5392922511816192,-1.065946107341437,1.201822528852751,1.0139952651059048,1.3865312220484671,0.0,20.23514313850288,19.43537480732372,20.978707928445864,-0.13884011056346157,-0.17158859709687002,-0.10637257074264188,-4.004234232607542
J1502.6+0207,J150234.5+015205,359.7326595584977,49.70211825544476,AGN,39.20964113930835,20.629142540604185,,0.973290906263413,7,937.038373294852,3.7828636868361286e-14,1.3848663518765019,1.1768373188820795,1.6322126602864593,-0.7465227892439024,1.1607103737781754,0.9207898849325127,1.3736972801706744,0.0,20.271904340065394,19.425700159452354,21.073606796797023,-0.17101844813435285,-0.21929215630596352,-0.12282143539656344,-2.3639348465123806
J1256.9+2736,J125730.0+272612,46.18121607584384,88.61811465667537,AGN,5.530042843135754,19.900710639291276,1.0,0.88133468963206,2,521.447044525813,3.5573597396933265e-14,1.6786784096451484,1.5802964621611473,1.7947759446707554,-0.35254406370730557,0.8165409271786281,0.7291871329519406,0.9280522642943358,0.0,19.75129087577132,19.228703243273888,20.35635288940594,-0.20070905607610176,-0.22012422334603696,-0.1801391881667311,-17.603378767682972
J1116.3+1818,J111633.3+181420,230.08642899934307,66.43081174748419,AGN,22.74873618640337,20.15058485263025,,0.63997129421679,1,101.89549144433,3.5176928047611314e-14,1.6195946686053315,1.3558454219482217,2.0056905485263488,-1.009442194199816,0.8557635200993606,0.6355172572516798,1.1863394731374206,0.0,20.457784926729264,19.51646477258377,21.180377921304576,-0.21304289656444156,-0.2600919674854873,-0.16816370776549094,-2.255897936592407
J0639.1-8009,J063912.8-801314,291.9360998806064,-27.220610859939747,AGN,3.683247450300436,21.04843306953875,,0.1284018609489899,1,153.43644799845,3.3725723299426355e-14,1.884544561361432,1.5591378809166787,2.200238007636089,-1.1124566764461286,0.8135687541904851,0.6176343122764336,1.1033133166932272,0.0,21.284894026412974,20.84931836560472,21.49993453354864,-0.16985882040443467,-0.1994648614320158,-0.14042821227134672,-1.548664918649813
J0639.1-8009,J063623.7-801259,291.92761187417386,-27.34010217295168,AGN,17.864310078648646,21.043030839494993,,0.50863652894035,1,125.74532657475,3.2319694534882864e-14,2.4462130445532138,2.103463875680436,2.809080235307028,0.0,0.5804796933211696,0.49714560174413136,0.7005517245618361,-0.2763451178543724,21.55071514205397,21.04285990636423,21.776098882328032,-0.243573258783234,-0.2743691758613922,-0.21193358427867223,-3.6331088137154697
J0639.1-8009,J064013.0-801724,292.0158028765727,-27.180713334205855,AGN,3.577804298654747,21.050134931283328,,0.983399949513113,1,108.5942978535,3.215228122184523e-14,2.0442330110978655,1.6085289575430464,2.5390134920953047,-0.5883158224367925,0.816765232246224,0.511997290263815,1.1812949191215059,0.0,21.86109379382263,21.660650742315617,22.061384831320872,-0.08910973781587139,-0.13952705354947856,-0.039508011281513565,-0.42510660234978453
J1435.4+3338,J143550.3+333338,55.288205372144056,66.6465657454347,AGN,115.58425828568838,19.964949424845567,0.166,0.4941997105253199,1,51.868777535338,3.2002219338197084e-14,2.0979865409046266,1.7304243759167273,2.639529781451561,-0.5653591212356995,0.5835144312631256,0.40058936931431194,0.9078886493408045,0.0,20.043571205041804,19.350486168343448,20.825005789610493,-0.3372302825691569,-0.41567648513154554,-0.26796903548975853,-1.3164539355696216
J1106.4+0859,J110823.6+091239,244.433004507273,59.790593857741385,AGN,97.74390730257696,20.351005248444842,,0.16022587407273,1,70.057018573196,3.0104340874561795e-14,2.0340143225396563,1.7489356448486104,2.3824124911843287,-0.26690802294460714,0.6094914037364185,0.4262452575512348,0.9060176507884755,0.0,19.813664038655148,19.25940523045917,20.48804269712185,-0.4316705911000791,-0.5124750669906857,-0.35187869242293934,-2.999108709039038
J1032.0+5725,J103302.5+572833,152.0276578506114,51.10968327090961,AGN,10.399800756575363,19.78614437243055,0.347,0.9875516246552,3,362.29948520287,2.8804650245571033e-14,2.2219459977840126,1.9866479478562027,2.45913190286889,0.0,0.717146577289564,0.6059562776663276,0.8623487958662792,-0.13288812537644587,21.537196774843395,21.349300982684383,21.67043092603688,-0.24848696101999224,-0.2712058324953566,-0.22463992328539997,-0.8205645992162979
J1032.0+5725,J103224.8+573153,152.03576664140988,51.00894123086944,AGN,53.07881346918325,19.800864627624048,0.843,0.45667533234956,2,176.884652855584,2.8286528423618012e-14,1.3521289734038744,1.1644938808357148,1.6114433078196608,-0.7072755365367753,1.193697318947164,0.9378870283095331,1.3936778145245738,0.0,21.05561578366552,20.10047230087143,21.3763581475437,-0.10781162204979244,-0.13681541177787127,-0.0768267326873997,-3.2660597869776122
J1032.0+5725,J103225.1+572814,152.11337455143897,51.04532959847323,AGN,5.444532040447107,19.796054864736977,,0.47443999399235,1,108.54869521584,2.7549461756059118e-14,2.4891709140875866,1.9056384888432043,3.142864363231088,-0.3820158418372324,0.7198267112477905,0.5252793930037998,0.9986984089866746,0.0,20.72538238913721,19.608870739836412,21.391165760348336,-0.2555603841317198,-0.30585153042233504,-0.20801133388399703,-1.1529021936313977
J1032.0+5725,J103142.0+573015,152.16042686954998,50.9474880203735,AGN,32.884816785118666,19.810591168905624,,0.29353790618027,1,92.287700009871,2.7346551018122016e-14,1.703889641028371,1.4801524347737691,1.9258102273520112,-0.7482865749714712,0.9205657114219185,0.7024369205806577,1.1846684675725243,0.0,19.88754315792955,19.312819930319176,20.635078665126485,-0.20114547415795503,-0.238397316367732,-0.16058533317981638,-3.2070616594906443
J0737.4+6535,J073717.0+653557,150.57417898248073,29.229836725320872,LMXB,2.5366377250950927,20.648823547337777,1.0,0.76683714927492,4,1450.5764552343499,2.6503957139733672e-14,2.4455540477559268,2.348674910917035,2.5432335053164845,0.0,0.49405813528476505,0.45909766391514073,0.5279082425108899,-4.333214907293321,21.52544924520626,21.481088707121653,21.565337787978727,-0.27900725075832006,-0.28905277694882336,-0.27005854166141097,-42.32710570767406
J1619.3-5047,J161945.8-504222,332.90600084469685,-0.37350252555803737,NS,2.8657678844031147,22.285336942149183,,0.29805958669805,1,66.687686603408,2.645709645523857e-14,2.6385798543300014,1.1970946557812707,4.859765405320887,-0.10870191838400306,1.0279581377892373,0.49878818234314126,1.342852134746645,-0.25972594524202824,22.66965969975509,22.208159776074304,23.003773796971455,0.1428815462045614,-0.00010676295640399402,0.3180884877789816,0.0
J1256.9+2736,J125751.0+273231,49.50001926833265,88.51713598149986,AGN,12.047126262372355,19.90726640444548,,0.00500684072693,1,105.91796535686,2.6299781933162567e-14,2.113827816209556,1.809555292716308,2.538219372462999,-0.7543676952822879,0.5907803445132667,0.4792788425138605,0.758368419095265,0.0,20.15391765332968,19.3927179974937,20.91300949167532,-0.2728812655281714,-0.31133967004153734,-0.2366915365160338,-1.4043311131212626
J1256.9+2736,J125734.0+272730,46.9107610057652,88.59901679669271,AGN,68.49357678943672,19.902040257775774,1.0,0.72983792776486,2,224.649136061589,2.5200893932904145e-14,1.5255952616534607,1.3908529585807257,1.6733437780674352,-0.6265518919077983,1.13392987988448,0.9424919122664096,1.338534254939579,0.0,19.77042446443596,19.23736300775631,20.36712130643024,-0.12387851113418956,-0.15252979260956315,-0.09542354211480883,-8.450225705946108
J1256.9+2736,J125745.0+273210,49.511647671243395,88.53974833911015,AGN,26.067573096417743,19.906972454245402,,0.30964104938431,1,83.35907438909,2.3598387721680663e-14,2.0973150699080474,1.7690354215768602,2.500132712334309,-0.6716009217079503,0.6227796520690847,0.4713781418523032,0.834348571958768,0.0,20.30312347850448,19.366989786305105,21.06272873039652,-0.23775628997098683,-0.2781051370783263,-0.19601413297644,-1.5001281153511443
J1510.9+0551,J151100.5+054912,6.585845451472293,50.576005921658265,AGN,54.664806036828494,20.5060379449892,0.377,0.77113220111338,1,180.73473271628,2.24254501869836e-14,1.5736163478223824,1.332792097057098,1.8325679885099653,-0.9162922723691945,1.0564319092841399,0.8473529953646444,1.306947695900222,0.0,20.81229593465264,19.873982101922927,21.19863824810551,-0.13312784383178333,-0.1632195629354931,-0.103135441013605,-6.007136194497523
J1032.0+5725,J103145.7+573401,152.0721294768705,50.91738271999605,AGN,101.76517927871689,19.81411527947328,,0.4155659594340499,1,70.416415064211,2.2372373340676195e-14,1.0931735732704864,0.8635420232588613,1.3434358188324456,-0.1861616952447786,1.2574371283839092,1.0137506930754931,1.4130859001077796,0.0,21.208248534498427,20.215980087386274,21.533977174095245,-0.034841158385535476,-0.08243963830790822,0.012475363234266013,-0.3789889776944182
J1032.0+5725,J103143.3+573157,152.12152671235842,50.93331306224329,AGN,317.4097579645326,19.812293951725852,,0.05577361710671,1,92.342830939742,2.231126344280357e-14,2.276242691145357,2.0512358470481318,2.514770050722402,0.0,0.5592487412088265,0.43792780194138897,0.7051450918092571,-1.8464027819165734,19.883415132577962,19.27196505170461,20.60863188781242,-0.37748100166613097,-0.4331055729009292,-0.3256886801975907,-7.7536077762146425
J0442.8+3609,J044308.1+361310,166.3979816638811,-6.422281544597224,AGN,39.08604299138516,21.501137223266717,,0.00843689743745,1,66.672630412501,1.8904022038192696e-14,1.8762258904130713,1.2989466397197271,2.5192234824069244,-0.49806235969405227,0.9923299886435952,0.6266220014691272,1.3107341573378366,0.0,21.494500001513423,20.853708841632027,21.785087516747623,-0.1270853145367572,-0.1887382956608028,-0.07382928708113479,-0.7419112306751952
J1818.5-2036,J181908.5-204037,10.936377953529565,-2.5252013871457297,NS,2.0548987382920108,21.676748041193214,,0.68299618659658,1,58.688775550024,1.870883734484684e-14,2.487084396419844,1.3844986641435897,3.8590580667773327,-0.22764311066474985,0.8596601291376378,0.4649837211079378,1.2874399460239963,0.0,22.81126328451132,22.66420990001504,22.96970312840788,0.08381175460834321,-0.03329621391936044,0.2629343815219456,-0.1482641490037012
J0639.1-8009,J063640.9-801126,291.8989537584222,-27.327356800251476,AGN,26.21207005207055,21.043420196880643,,0.25234573926781,1,52.900398698634,1.833553025934089e-14,1.2649257547009585,0.9965226431927657,1.5743307365442127,-0.6583933173673034,1.2072642252545331,0.9546866983507466,1.390180879783821,0.0,20.365436894910683,19.412674552136952,21.21761545086414,-0.05986943701798886,-0.11413857961645028,-0.0019866102840455646,-1.645025277283261
J1510.9+0551,J151104.1+055136,6.650344489708833,50.58786773376417,AGN,60.94665799551436,20.5027849088418,0.387,0.50618320530106,1,160.86739932379,1.823655579447924e-14,2.047073102317958,1.8900788210049135,2.213142663271935,0.0,0.6926940726693496,0.5623863584245283,0.83978459497388,-1.943480447850483,19.82686865348464,19.240682482892424,20.408472633354375,-0.4103723802461929,-0.46784657936208607,-0.339315104070544,-11.972222712888279
J0639.1-8009,J063905.7-801957,292.06157701694144,-27.229365013373528,AGN,31.869136734457005,21.04878690845778,,0.39656788154807,1,60.399725904615,1.6219757939509015e-14,1.8604938051032684,1.229522198652246,2.594296205192405,-0.5994505383335093,0.9036661527194478,0.5650312490771654,1.281236773699093,0.0,21.716163992232584,21.357490275986237,21.953408850262544,-0.11783727836355597,-0.18599767308153847,-0.048323464298990704,-0.8774501363878929
J1256.9+2736,J125746.6+273137,49.10500229759328,88.53678365926044,AGN,19.13426703365284,19.906264658072825,,0.944897248893365,1,50.763073461498,1.5486406981567702e-14,1.8162036847032776,1.5338408267817476,2.090916021987508,-0.4187611876053025,0.8953951831841389,0.6485509051248186,1.2287320614197124,0.0,19.866038168775287,19.27239321682032,20.587145914844783,-0.20121506556410737,-0.2540849945732395,-0.14851358002963175,-1.975784208097571
J1804.9-3001,J180434.9-300112,1.1439352883108203,-4.1104769292768,AGN,3.0677352629847663,21.44526693890832,,0.07326431566182,1,78.248491123308,1.3854299678119483e-14,1.5603944349198704,1.1306624055590007,1.9962059553540292,-0.6513588023664936,0.9932998673917848,0.6767158728762892,1.3166616279932777,0.0,21.814250859575292,21.635532128377996,21.982424689976636,-0.03041748935886046,-0.07831333895683867,0.025011535080853964,-0.5682665653944836
J1046.7-6010,J104717.9-601042,288.0741792943075,-0.9377454711960317,LMXB,2.636132397765796,22.110700990403583,,0.9999999999999492,1,99.642989057663,1.361641280214871e-14,2.750825937926243,2.3015934599090633,3.2394475282423447,-0.8951787125303139,0.39323395465426625,0.2729654407074076,0.5318756416337627,0.0,21.134196480490523,20.020299442587586,21.571914141530993,-0.28947195721653873,-0.3361114931402023,-0.24560970782888347,-2.0476063310363113
J1510.9+0551,J151100.4+054921,6.588670128213148,50.57760185955963,AGN,3.911410765791965,20.505843369039514,1.0,0.913085992498717,2,347.097393630868,1.089800585355598e-14,2.6497574044763352,2.5190900116988857,2.801410027852511,0.0,0.3401533045451919,0.29953272008031706,0.38013433602413216,-9.060044101918413,20.106922635967862,19.367283312842527,20.735777629359895,-0.5300791742923283,-0.5537056993215113,-0.5070003778811327,-16.30477761986579
J0859.3-4342,J085928.4-434628,265.1626570504413,1.4421662567509268,NS,2.893634886799201,21.806157839772403,,0.31144670278582,1,63.856723808379,1.0694787338925168e-14,3.2921108879938217,2.585026015137932,4.149731009146333,-0.36427854786674213,0.29483948486033906,0.1383435252680738,0.5180372447793705,0.0,22.350536873683897,22.1737421922377,22.49759768198185,-0.16157454963089712,-0.24569345720190272,-0.07645568690549565,-0.13582206732263963
J1843.7-3227,J184332.8-322122,2.8227913707905747,-12.600756344080295,AGN,2.564143019838974,20.90768243374454,0.548,0.930766272749969,1,76.899011726788,1.0281381731527058e-14,1.5946799725494312,1.3302508430843387,2.0287304531467214,-0.7595552826808204,1.0578263358009024,0.7713491749488813,1.3270869270127403,0.0,20.46029473732798,19.394914207910183,21.296003685358983,-0.15433197260923937,-0.1996354117263817,-0.10570017250989716,-2.1191730902903774
J1510.9+0551,J151051.3+054937,6.558957421722914,50.61050335824152,AGN,41.41303982682129,20.505478255765794,0.904,0.980559504976061,1,94.701051385201,8.433205384682925e-15,1.789100059613105,1.5682493437935303,2.032994692519631,-0.7028572496098586,0.7433459133533991,0.5734036693417112,1.017315057582387,0.0,19.932335654108925,19.305187185527647,20.661831973868583,-0.2302459131594188,-0.28801766423372044,-0.1746675248104803,-3.7794482148329887
J1242.6+3236,J124235.1+323340,141.84761447218614,84.2383796864879,AGN,24.799075000853914,20.106477616018868,,0.54707812985427,1,58.365224468572,8.121738723130917e-15,1.777869923985314,1.358854491052468,2.4246374105572857,-0.9265435489310222,0.847448531464366,0.47762388493574254,1.2451375888372298,0.0,20.891425751365936,19.685586508577757,21.50600170293401,-0.19334697996190495,-0.2621487611629571,-0.13438911493795258,-1.5198686735014293
J1115.1-6118,J111459.1-611707,291.61173977570684,-0.5516963374289852,NS,2.373047360217486,22.074219540410223,1.0,0.18619635506868,1,59.170232281148,5.430876202089516e-16,2.121259164591325,1.475806827200553,2.772778415198532,-0.23822910067220973,0.9039940928787555,0.5756282366198827,1.2573753679922812,0.0,22.356026239845622,22.227145879039583,22.48608415852117,0.07791493070684119,-0.01557176593328545,0.16330289671986442,-1.155678217967484
