name,powlaw_nh,detect_stack_id,obsid,obi,region_id,var_prob_b,ks_prob_b,kp_prob_b,src_cnts_aper90_b,flux_aper90_b,flux_aper90_lolim_b,flux_aper90_hilim_b,src_cnts_aper90_lolim_b,src_cnts_aper90_hilim_b
2CXO J085927.0-434528,183.616,acisfJ0859271m434510_001,6433,0,244,0.99999772127001,0.9999998978290437,0.9999999472202746,6082.4601287333,1.5171247361289e-12,1.4935339789232e-12,1.5407154933346e-12,5987.818306483,6177.1019509836
2CXO J172508.8-341112,88.0815,acisfJ1726017m341446_001,10988,0,250,0.089001499846277,0.901641935939825,0.5747346415518,2174.0827232306,6.5150428874996e-13,6.3351868772364e-13,6.6843191324532e-13,2117.4975688681,2227.5242579063
2CXO J172508.8-341112,88.0815,acisfJ1724433m341212_001,4477,1,266,0.019448618091521,0.008697492883739999,0.055376701288139984,4149.0425747053,1.1203542927826e-12,1.0995686845846e-12,1.1411399009806e-12,4073.7447406041,4224.3404088066
2CXO J085905.6-473041,186.383,acisfJ0859206m473014_001,2556,0,169,0.093726600485731,0.975118298076196,0.989917432110996,6568.3346429769,6.9851049190883e-13,6.8824218058207e-13,7.087788032356e-13,6471.7657646121,6664.9035213417
2CXO J174216.9-283707,155.638,acisfJ1742247m283114_001,8206,0,1,0.99999999719442,0.9999999999998965,0.9999999999997053,608.21580227922,7.4181811242439e-13,7.0402690251438e-13,7.7738630998675e-13,577.25353375491,637.35676089034
2CXO J174216.9-283707,155.638,acisfJ1741541m284039_001,9565,1,15,0.15990046690461,0.89662946502829,0.935456514948982,299.51689725069,3.4053646878287e-13,3.1720871452821e-13,3.6386422303753e-13,279.02916778728,320.00462671409
2CXO J174347.2-314025,25.4147,acisfJ1743460m314108_001,8752,0,1,0.12965008821968,0.49990749523149003,0.39407360494388,114.50538298963,4.6238969643456e-13,4.0793245532582e-13,5.1364357041926e-13,101.81449954841,127.19626643086
2CXO J174347.2-314025,25.4147,acisfJ1744513m314125_001,8763,0,1,0.081129686192009,0.007832715066649953,0.023486214837330044,171.94122309846,6.926073969204e-13,6.1948850241861e-13,7.657262914222e-13,155.66437884022,188.2180673567
2CXO J085932.2-434602,146.155,acisfJ0859271m434510_001,6433,0,242,1.0,1.0,1.0,1636.8864637894,3.9736952500413e-13,3.8493072487378e-13,4.0907663100917e-13,1588.7266827537,1685.0462448251
2CXO J063805.1-801854,1.21527e-07,acisfJ0638293m801452_001,14925,0,2,1.0,0.9999725930811731,0.9999948789722107,537.90518032784,2.7571427703429e-13,2.6089520818194e-13,2.8966163595415e-13,509.01713439142,565.09392944446
2CXO J085928.0-434510,351.532,acisfJ0859271m434510_001,6433,0,97,1.0,1.0,1.0,883.5578953145,2.6217701754305e-13,2.5147800215017e-13,2.722466790893e-13,847.47751577939,917.51589958284
2CXO J173411.3-293117,,acisfJ1733424m292923_001,10021,0,2,0.88197463264762,0.948280173041091,0.918597451294153,30.871424870164,2.7271239941165e-13,2.1175315719022e-13,3.3046326046353e-13,24.050993794197,37.3328858895
2CXO J173411.3-293117,,acisfJ1734463m292959_001,9997,0,13,,,,14.703537702923,2.2862353595593e-13,1.4840475140999e-13,3.0483138127458e-13,9.6138515749878,19.793223830857
2CXO J085926.2-434527,284.668,acisfJ0859271m434510_001,6433,0,245,0.61864352504175,0.988964403423274,0.984700813428226,1035.2710361181,2.2153019288566e-13,2.1311690824474e-13,2.2994347752658e-13,995.91707400618,1074.62499823
2CXO J005806.2-460419,,acisfJ0058071m460435_001,10153,0,3,0.14073529503644,0.79639962900332,0.47279335457771,76.804787078292,2.2004810709153e-13,1.8976289726115e-13,2.5033331692192e-13,66.324229776203,87.285344380381
2CXO J174042.0-280724,,acisfJ1741232m280838_001,8202,0,7,1.0,1.0,1.0,376.63296754127,6.004427267031e-13,5.5926528744449e-13,6.4162016596171e-13,350.79898635865,402.46694872388
2CXO J174042.0-280724,,acisfJ1740415m281352_001,7526,0,25,0.97280788119906,0.7203003321268999,0.975748789168464,16.667170218378,1.4459435949408e-13,1.0121605164586e-13,1.8556276135073e-13,11.494600150606,21.839740286151
2CXO J174042.0-280724,,acisfJ1740363m280227_001,8199,0,63,0.98981729063258,0.33752597402479,0.7496008248786,53.922043695539,1.3216847136653e-13,1.1086204926205e-13,1.5347489347101e-13,45.103718024137,62.740369366942
2CXO J173657.4-285630,,acisfJ1736300m285437_001,9994,0,5,0.19675449573994,0.25421682012984004,0.40851056438769995,17.402180737394,2.1874186478471e-13,1.5419508501217e-13,2.7970271234766e-13,12.181526516176,22.332798612989
2CXO J173657.4-285630,,acisfJ1737339m285509_001,8701,1,10,0.38579043456958,0.50393801767068,0.73601817997165,11.072218320355,1.7506350561969e-13,1.0801790772279e-13,2.421091035166e-13,6.9201364502217,15.224300190488
2CXO J173927.6-272112,,acisfJ1739506m272214_001,10004,0,4,0.031450972467605,0.85040782113012,0.7091250712139601,21.24165827477,1.9241421580506e-13,1.4049291947671e-13,2.4128131823174e-13,15.509782232372,26.636365138204
2CXO J175039.6-302056,,acisfJ1750581m301833_001,13542,0,1,0.19332846436064,0.17515716850681995,0.5047802091286699,17.145752745737,1.8057577969896e-13,1.2764839599409e-13,2.3350316340382e-13,12.120273492676,22.171231998798
2CXO J085902.1-473016,189.958,acisfJ0859206m473014_001,2556,0,204,0.14900065457022,0.903087273040255,0.63005896630892,1125.3998680349,1.6278330538665e-13,1.570213751967e-13,1.6854523557659e-13,1085.5638345422,1165.2359015277
2CXO J085903.2-434834,134.401,acisfJ0859271m434510_001,6433,0,16,0.99956327696729,0.999981118436279,0.9998735785862305,910.95215521156,1.5890236123255e-13,1.5252760825876e-13,1.6527711420634e-13,874.52106414279,947.38324628034
2CXO J175020.7-302652,,acisfJ1750248m303035_001,13543,0,1,0.20157581319615,0.8998486304695,0.82417752655053,48.576090591074,1.604710704045e-13,1.3267214217351e-13,1.882699986355e-13,40.179237255937,56.972943926212
2CXO J175020.7-302652,,acisfJ1749527m301750_001,8766,0,12,,,,40.636993548545,3.8482267824521e-13,3.0870390672418e-13,4.5671262912618e-13,32.509594838836,48.312870107714
2CXO J161701.5-501628,,acisfJ1617152m502328_001,12415,1,5,0.99999999993517,0.9999999999997825,0.9999999999994134,33.735799945286,1.5596447809727e-13,1.2332075012342e-13,1.8860820607111e-13,26.674818561389,40.796781329183
2CXO J174036.5-280840,,acisfJ1740363m280227_001,8199,0,1,0.72045734601931,0.980384527610137,0.959971231856631,111.69903928126,1.6726395621193e-13,1.4882947606213e-13,1.8569843636172e-13,99.385183912392,124.01289465012
2CXO J174036.5-280840,,acisfJ1740415m281352_001,7526,0,8,0.50669986408738,0.5937989107567401,0.84432846757506,15.364656611597,5.5385043517193e-14,3.7895029774921e-14,7.2875057259464e-14,10.512659786882,20.216653436312
2CXO J174036.5-280840,,acisfJ1740080m281229_001,8200,0,16,0.99504615726196,0.9998863527861812,0.9994150459652402,181.6601595074,2.6878206405454e-13,2.445460448462e-13,2.9159243507416e-13,165.28978312798,197.06757257038
2CXO J173249.6-372111,,acisfJ1732532m371142_001,12683,0,5,0.75035435758461,0.913943183765532,0.76205174822705,20.578387371096,9.7600278436773e-14,6.5066852291182e-14,1.2832629201872e-13,14.649021518407,26.507753223785
2CXO J175709.5-272532,,acisfJ1756480m271940_001,8730,0,3,0.76867166417067,0.49454929033535,0.86534684438734,25.541889898219,1.3387069193587e-13,1.0141719086051e-13,1.6632419301124e-13,19.34991658956,31.733863206878
2CXO J175709.5-272532,,acisfJ1757190m273143_001,8740,0,3,0.85453214217455,0.985596563026047,0.959581353176308,17.868140627423,1.1832592911763e-13,8.5349850511074e-14,1.5130200772418e-13,12.888494878797,22.847786376049
2CXO J174237.6-283726,,acisfJ1743106m283727_001,8208,0,38,0.20845314392607,0.65505863053707,0.931226072638446,51.56449730002,1.2859117941093e-13,1.0679377790536e-13,1.5038858091649e-13,42.743831641817,60.385162958223
2CXO J174237.6-283726,,acisfJ1742247m283114_001,8206,0,50,0.11584604165921,0.27683891345569,0.20871977645471995,50.810988542818,9.9815075731044e-14,8.3022247394945e-14,1.1660790406714e-13,42.242161967893,59.379815117742
2CXO J085910.9-434343,585.972,acisfJ0859271m434510_001,6433,0,252,1.0,0.999999999999933,1.0,349.93368809119,1.1530540398151e-13,1.0788576231655e-13,1.2272504564647e-13,327.41380609951,372.45357008287
2CXO J175147.9-301046,,acisfJ1751312m300633_001,13541,0,1,0.34437400074593,0.44826591587693,0.50554879357285,12.961553599308,9.0633942579763e-14,6.0971925008204e-14,1.2029596015132e-13,8.7195906031708,17.203516595445
2CXO J175147.9-301046,,acisfJ1752024m301842_001,13564,0,5,0.80256005847506,0.985073732511066,0.943669545214818,19.489334900157,2.0789011108852e-13,1.4995352275237e-13,2.6582669942466e-13,14.057880911588,24.920788888725
2CXO J033532.7-072741,,acisfJ0335326m073151_001,5628,0,4,0.52181293575591,0.9623907512900189,0.907445072815822,96.396306986997,1.1271869260878e-13,9.8786122737424e-14,1.2583169954652e-13,84.405025801388,107.6822186911
2CXO J085853.9-473051,152.836,acisfJ0859206m473014_001,2556,0,149,0.55410219948897,0.9942830456555368,0.972439895499378,706.85297905051,1.0441871708553e-13,9.9860056200246e-14,1.0897737797081e-13,676.02920055684,737.67675754419
2CXO J103143.2+573252,19.6684,acisfJ1032042p573715_001,3345,0,10,0.075964591454061,0.35582982621918,0.15013482699220004,396.73850379986,1.0486965656152e-13,9.8475765690234e-14,1.112635474328e-13,372.66784209099,420.80916550873
2CXO J085903.6-473040,316.033,acisfJ0859206m473014_001,2556,0,170,0.97240471551965,0.999490712168416,0.994086331188896,517.49076664279,1.0016374393889e-13,9.4624008611514e-14,1.0537761248231e-13,488.80326124129,544.49077172655
2CXO J205824.0+435354,45.7685,acisfJ2058161p435337_001,14545,0,26,0.99999999988544,0.9999999984108662,0.9999999992327584,368.89193821771,9.9080167764219e-14,9.2611985558507e-14,1.0516786866371e-13,344.66557478994,391.69322144384
2CXO J184441.8-030551,43.9585,acisfJ1844459m030500_001,8163,0,2,0.5103151060869,0.36830904786042995,0.5170301946585,4.7921790547692,1.717970837859e-14,7.5792831082015e-15,2.6780133648979e-14,2.1141966418099,7.4701614677284
2CXO J184441.8-030551,43.9585,acisfJ1844397m030422_001,11801,0,7,0.99028343475502,0.921370500774797,0.9166469170350731,657.97131871052,3.738861243658e-13,3.5557629167431e-13,3.9111890807543e-13,626.9350975779,689.00753984314
2CXO J184441.8-030551,43.9585,hrcfJ1844537m025628_001,1964,4,8,,,,,,,,,
2CXO J184441.8-030551,43.9585,acisfJ1844395m030628_001,11232,0,11,0.10637220757868,0.64861496089268,0.25990383352167,200.32170309992,9.8582194005007e-14,9.0117906759971e-14,1.0704648125004e-13,183.13522354805,217.5081826518
2CXO J184441.8-030551,43.9585,acisfJ1844527m025656_001,3897,0,17,0.45572678949425,0.6710533264567,0.36001669903069,68.923495886756,1.2819952002097e-13,1.0836608975976e-13,1.4803295028218e-13,58.348469785808,79.498521987703
2CXO J184441.8-030551,43.9585,acisfJ1844500m025814_001,7581,0,102,,,,0.0,0.0,0.0,3.6551539578908e-14,0.0,9.1559665265748
2CXO J184441.8-030551,43.9585,acisfJ1844550m025507_001,7578,0,112,,,,0.0,0.0,0.0,2.0842837072722e-14,0.0,9.0817956997308
2CXO J184441.8-030551,43.9585,acisfJ1844552m025836_001,7582,0,123,,,,0.0,0.0,0.0,2.9034626232025e-14,0.0,6.9807288056083
2CXO J181920.3-203952,,acisfJ1819055m205227_001,2535,0,182,0.25980885344838,0.64833852698183,0.71441505568353,113.68483801289,5.7764731670335e-14,4.9485667651148e-14,6.5556791923688e-14,99.24355189991,128.12612412588
2CXO J181920.3-203952,,acisfJ1819127m204717_001,6405,0,211,0.076984781128457,0.981380095989974,0.933167210277308,363.79859567307,9.2993395033853e-14,8.6983995747624e-14,9.9002794320082e-14,340.56095901053,387.03623233561
2CXO J172026.9-370322,,acisfJ1720523m371025_001,10520,0,12,0.17517103950471,0.01298012015748995,0.026600791584989958,21.611521475043,9.0040661766874e-14,6.6804361956068e-14,1.1327696157768e-13,15.588638441015,27.280117271775
2CXO J172026.9-370322,,acisfJ1719221m370246_001,10525,0,21,,,,0.0,0.0,0.0,8.6871816786116e-14,0.0,13.431073371757
2CXO J085906.6-473022,1715.97,acisfJ0859206m473014_001,2556,0,552,1.0,0.9999999999996322,1.0,254.61250512556,8.6386739114896e-14,7.9866431409605e-14,9.2907046820188e-14,235.25607338245,273.96893686868
2CXO J085905.5-473036,211.51,acisfJ0859206m473014_001,2556,0,180,0.63705957775705,0.9988545972777311,0.9900787676459465,685.26484331658,1.0010388435172e-13,9.5214217176856e-14,1.0466757371493e-13,651.63229293438,716.49506867147
2CXO J184316.0-322414,67.6614,acisfJ1843137m321742_001,8958,0,3,0.27859176033707,0.60192625657673,0.78504481377763,56.925068265541,9.4451864967229e-14,7.9176003254831e-14,1.0972772667963e-13,47.832280520679,66.017856010404
2CXO J184316.0-322414,67.6614,acisfJ1843137m321742_001,9955,1,3,0.069499636397439,0.19760328155255003,0.14124430568789004,390.89186795826,8.1376380223662e-14,7.6276347321928e-14,8.6476413125396e-14,366.70099963824,415.08273627828
2CXO J161519.3-603852,,acisfJ1614449m603850_001,4957,0,8,0.99119878731246,0.986583041340017,0.9999907289686977,127.13893503763,7.6936302356033e-14,6.8268401907566e-14,8.5094326307531e-14,113.69781245931,140.58005761595
2CXO J085903.5-473058,173.698,acisfJ0859206m473014_001,2556,0,137,0.99999683698426,0.999999998962754,0.9999999811138557,520.83485727766,7.7895487632356e-14,7.3854884862164e-14,8.1936090402549e-14,493.79896868939,547.87074586592
2CXO J174457.8-290509,,acisfJ1745067m290719_001,7035,0,25,0.27590874940745,0.29150778745516004,0.0693533591894,93.697470027866,8.8766033974013e-14,7.7996831107879e-14,9.9535236840148e-14,82.323425245753,105.07151480998
2CXO J174457.8-290509,,acisfJ1744234m290019_001,2295,0,60,,,,,,,,,
2CXO J174457.8-290509,,acisfJ1745090m290626_001,2293,0,66,,,,,,,,,
2CXO J174457.8-290509,,acisfJ1744217m290116_001,7036,0,123,0.075970810966074,0.79419053362078,0.89548302026679,37.425034542447,8.239202563399e-14,6.5539111299765e-14,9.9244939968215e-14,28.959848157846,45.444684801543
2CXO J174457.8-290509,,acisfJ1744217m290116_001,8567,0,123,0.16413059182092,0.06529642234333,0.24170845706407995,48.668894490248,8.9942913998782e-14,7.3816673319499e-14,1.0606915467807e-13,39.675729204007,57.66205977649
2CXO J174457.8-290509,,acisfJ1743554m291017_001,2268,0,569,,,,,,,,,
2CXO J174457.8-290509,,acisfJ1743518m291114_001,7039,0,573,,,,0.0,1.3917452567528e-13,1.1259062751258e-13,1.6575842383797e-13,0.0,47.170783093231
2CXO J174457.8-290509,,hrcfJ1743521m290027_001,6196,0,1323,,,,,,,,,
2CXO J174457.8-290509,,hrcfJ1743521m290027_001,6197,0,1323,,,,,,,,,
2CXO J174457.8-290509,,hrcfJ1743521m290027_001,8534,0,1323,,,,,,,,,
2CXO J174457.8-290509,,hrcfJ1743521m290027_001,9033,1,1323,,,,,,,,,
2CXO J174457.8-290509,,hrcfJ1743521m290027_001,9039,0,1323,,,,,,,,,
2CXO J174457.8-290509,,hrcfJ1744402m292135_001,6200,0,1419,,,,,,,,,
2CXO J174457.8-290509,,hrcfJ1744402m292135_001,6201,0,1419,,,,,,,,,
2CXO J174457.8-290509,,hrcfJ1744402m292135_001,9034,1,1419,,,,,,,,,
2CXO J174457.8-290509,,acisfJ1745401m290028_001,1561,0,2034,,,,24.584054994189,3.978210354583e-14,2.9836577659373e-14,4.9727629432288e-14,16.878604921384,32.289505066995
2CXO J174457.8-290509,,acisfJ1745401m290028_001,6641,0,2034,,,,2.8842885117273,2.9692923579809e-14,6.9283488352888e-15,5.1467734205002e-14,0.0,5.7685770234546
2CXO J174457.8-290509,,acisfJ1745401m290028_001,6646,1,2034,,,,6.2241154084742,5.5097458115045e-14,2.4345388469438e-14,8.4568191525418e-14,2.3550706950983,9.9249407864859
2CXO J174457.8-290509,,acisfJ1745401m290028_001,7559,0,2034,,,,3.0944942853118,4.4796661111092e-14,1.5358855238089e-14,7.4234466984095e-14,0.25787452377598,5.9311140468475
2CXO J174457.8-290509,,hrcfJ1745400m290014_001,6190,0,5020,,,,,,,,,
2CXO J174457.8-290509,,hrcfJ1745400m290014_001,6191,0,5020,,,,,,,,,
2CXO J174457.8-290509,,hrcfJ1745400m290014_001,8532,0,5020,,,,,,,,,
2CXO J174457.8-290509,,hrcfJ1745400m290014_001,9036,0,5020,,,,,,,,,
2CXO J174457.8-290509,,hrcfJ1745400m290014_001,9073,1,5020,,,,,,,,,
2CXO J172510.9-340843,,acisfJ1724433m341212_001,4477,1,323,0.84471565133268,0.9995444563327481,0.99842217170428,114.76768175328,7.0443785643797e-14,6.2515189711923e-14,7.8372381575672e-14,101.86364598815,127.67171751841
2CXO J172510.9-340843,,acisfJ1726017m341446_001,10988,0,726,,,,0.0,0.0,0.0,4.7403024982829e-15,0.0,10.701280419771
2CXO J135509.1-620035,,acisfJ1355227m620618_001,13806,1,1,0.13853159238059,0.33926705436967,0.30548295318664,46.175935351484,7.582421324185e-14,6.1813217316726e-14,8.9835209166975e-14,37.895811738965,54.456058964002
2CXO J205846.9+435151,,acisfJ2058161p435337_001,14545,0,2,0.99999999999974,0.9999995612079075,0.9999999999999285,101.44880288478,7.5764281334767e-14,6.6786915540125e-14,8.4741647129408e-14,89.487060504428,113.41054526513
2CXO J174548.1-314318,,acisfJ1745566m314143_001,8773,0,1,0.24054474290333,0.7193788696723,0.65508949143215,13.50161161276,7.3781920652054e-14,4.8723909864564e-14,9.7447819729127e-14,8.9161586122001,17.8323172244
2CXO J085854.2-472841,495.508,acisfJ0859206m473014_001,2556,0,574,0.40857515073876,0.979238573580753,0.948965058991316,327.91100315884,7.1277981301021e-14,6.6646432188492e-14,7.5909530413549e-14,306.55795372031,349.26405259736
2CXO J125740.2+273118,5.20797,acisfJ1257288p273028_001,12887,0,22,0.067234426270446,0.77186428831535,0.9638695538848701,313.17864973855,7.5062924957278e-14,6.9787068036382e-14,8.0338781878174e-14,291.17705148923,335.18024798788
2CXO J143542.6+333404,,acisfJ1435403p334146_001,7772,0,1,0.18357737264714,0.67851346440406,0.82777243639557,117.43834430083,7.4318453754667e-14,6.5785669627734e-14,8.2851237881599e-14,104.59862543157,130.27806317009
2CXO J143542.6+333404,,acisfJ1435339p333952_001,4235,1,4,0.28106684135659,0.09386089038845002,0.07902801183403996,31.080213231562,7.1956202029294e-14,5.5740719881848e-14,8.7158216542525e-14,24.076221517407,37.646455463582
2CXO J085927.5-434528,131.495,acisfJ0859271m434510_001,6433,0,77,0.10297865045158,0.68645694177685,0.52741096446314,406.3067171405,7.0569566856797e-14,6.6261226758775e-14,7.4877906954818e-14,381.51072410764,431.10271017337
2CXO J173527.5-294516,,acisfJ1735157m294220_001,8705,1,1,0.88141771022059,0.942584857951893,0.9962894177434837,14.053546264276,4.9126092564847e-14,3.2750728376565e-14,6.4591714298225e-14,9.5278279757801,18.341068853377
2CXO J063554.8-800814,54.0152,acisfJ0638293m801452_001,14925,0,27,0.064166163226572,0.20615881119205004,0.52233435119856,185.97353857829,6.8991596788489e-14,6.2439291132414e-14,7.5543902444564e-14,169.33287641451,202.61420074207
2CXO J085902.0-473209,381.443,acisfJ0859206m473014_001,2556,0,65,1.0,1.0,1.0,315.23846648759,6.8333362359845e-14,6.36359442329e-14,7.2717619278328e-14,293.5639505515,335.46801469461
2CXO J085926.8-434933,242.59,acisfJ0859271m434510_001,6433,0,6,1.0,0.9999995902334106,1.0,247.77010750137,6.880346049496e-14,6.3670552697623e-14,7.3936368292298e-14,229.29620629132,266.24400871142
2CXO J150237.4+015813,,acisfJ1502328p015551_001,11329,0,9,0.10013007043514,0.21601549798942,0.19944445040547,68.845073437076,7.3172795043257e-14,6.2422385422051e-14,8.329082762792e-14,59.071646291438,78.618500582714
2CXO J103202.9+573208,8.49212e-05,acisfJ1032042p573715_001,3345,0,6,0.078345585900247,0.12880193167121,0.35759113681725996,231.85933421135,6.4685095134597e-14,5.9456771329951e-14,6.9586648701452e-14,213.19748780564,250.52118061707
2CXO J085905.7-473009,191.003,acisfJ0859206m473014_001,2556,0,210,0.58785837971969,0.942732111943966,0.82817145142989,389.39745888234,6.2030517994988e-14,5.8272661280491e-14,6.5788374709485e-14,365.79932788549,412.9955898792
2CXO J180445.6-300418,63.306,acisfJ1804490m300305_001,8961,0,9,0.16650519683363,0.82669694298853,0.974091911877576,53.204435192228,8.9468993420529e-14,7.4193799421902e-14,1.0474418741916e-13,44.002938687044,61.894737447123
2CXO J180445.6-300418,63.306,acisfJ1804482m300203_001,12400,0,24,0.097423061976158,0.7581263675256,0.7738339518108,226.78715333988,6.1623662486049e-14,5.6595043576073e-14,6.6652281396025e-14,208.38619743159,245.18810924817
2CXO J085930.9-434647,124.995,acisfJ0859271m434510_001,6433,0,32,0.99995294589846,0.9999986288418429,0.9999991295393373,407.59814760223,6.3116906754623e-14,5.9349742953859e-14,6.6884070555388e-14,383.29077840059,431.90551680387
2CXO J143522.1+333816,,acisfJ1435339p333952_001,4235,1,1,0.28376053685715,0.66041018877642,0.45557246567906995,25.146074601369,6.2945583941408e-14,4.7686048440461e-14,7.8205119442356e-14,19.050056516188,31.242092686549
2CXO J085935.8-434457,282.705,acisfJ0859271m434510_001,6433,0,108,0.99179968868515,0.999899999846395,0.9982563504900038,344.01489112451,6.0419270965355e-14,5.6482758707108e-14,6.4355783223603e-14,321.60276052906,366.42702171996
2CXO J223708.5+183939,,acisfJ2237486p183708_001,2995,1,23,0.15620031790166,0.46161574010394,0.73128798928264,64.004005544551,6.3434383488339e-14,5.317948174362e-14,7.3689285233058e-14,54.137289105554,73.870721983548
2CXO J064126.4-801048,2.71753e-05,acisfJ0638293m801452_001,14925,0,26,0.58192977786551,0.981593250689206,0.9919705006259395,172.6435355773,5.8553030572336e-14,5.2542045595811e-14,6.4564015548861e-14,156.6347722651,188.6522988895
2CXO J175734.9-273654,,acisfJ1757190m273143_001,8740,0,2,0.40391677938764,0.47480009338688,0.25932967778239,10.820713980401,3.4323449250026e-14,2.1452155781266e-14,4.7194742718786e-14,6.8457578243351,14.795670136466
2CXO J175734.9-273654,,acisfJ1757511m274423_001,13537,0,6,0.37457290614113,0.17658959405967,0.21752700343966003,17.990435732469,9.5558719261992e-14,6.6405211690537e-14,1.2309258752392e-13,12.976707741453,23.004163723485
2CXO J104642.3-600904,31.8902,acisfJ1045523m595714_001,9483,1,1,0.050275193684394,0.67627086772911,0.30625521333489003,509.72378710851,7.0782247551484e-14,6.2445619219398e-14,7.8597836612815e-14,477.14507408814,542.30250012888
2CXO J104642.3-600904,31.8902,acisfJ1047086m600555_001,9485,1,26,0.70095512611666,0.97205935135136,0.88234799276635,301.99755825527,5.5883075664771e-14,5.2119960434282e-14,5.964619089526e-14,281.75095195087,322.24416455966
2CXO J174249.7-283552,,acisfJ1743106m283727_001,8208,0,11,0.32637868458066,0.47733344426011004,0.906978390925002,30.936233724844,5.5881646223485e-14,4.3463502618266e-14,6.8299789828704e-14,24.021075598114,37.487436160694
2CXO J174249.7-283552,,acisfJ1742247m283114_001,8206,0,55,0.25146920850251,0.7208792771866299,0.77284008542326,24.185407896275,5.5675019846427e-14,4.1970399576537e-14,6.9379640116317e-14,18.139055922206,30.231759870343
2CXO J102557.9+124109,11.8155,acisfJ1026013p124414_001,13375,0,36,0.12071711012633,0.558534138509,0.41818014082468,71.805989802765,5.7487390270201e-14,4.776363184745e-14,6.7211148692953e-14,60.771120371364,82.840859234166
2CXO J172516.8-341211,102.172,acisfJ1724433m341212_001,4477,1,180,0.99999653963266,0.9984816335215803,0.9999999980448085,144.35962385075,4.5897818241514e-14,4.1169040641776e-14,5.0626595841252e-14,129.7362275889,158.9830201126
2CXO J180510.9-300900,,acisfJ1804482m300203_001,12400,0,70,0.59869823572745,0.9391731571847171,0.915241761798107,119.66938647516,5.4067862064248e-14,4.6711936092159e-14,6.0991086508567e-14,103.44845080975,134.93614945436
2CXO J205743.9+435858,,acisfJ2058161p435337_001,14545,0,68,0.1452347174884,0.57931610641098,0.86500262164176,62.26643498498,5.0508828701841e-14,4.2484197689849e-14,5.8533459713832e-14,52.498684379506,72.034185590454
2CXO J205743.9+435858,,acisfJ2056507p434443_001,13648,0,191,,,,0.0,0.0,0.0,2.292523601494e-14,0.0,31.145520634675
2CXO J085909.6-473025,382.225,acisfJ0859206m473014_001,2556,0,198,0.99999999521915,0.9999999993360796,0.9999999899255951,291.71008073983,5.0186945190527e-14,4.6617951755057e-14,5.3755938625997e-14,270.9323562827,312.48780519695
2CXO J085919.1-434318,121.121,acisfJ0859271m434510_001,6433,0,148,0.097057648676106,0.9053314955998439,0.59468284804775,323.38378831541,5.028625390376e-14,4.6903748140162e-14,5.3668759667359e-14,301.75117199759,345.01640463323
2CXO J143513.2+333118,,acisfJ1434415p332806_001,4247,1,8,0.54066264411094,0.62993357150603,0.17698012563054,11.504444927677,2.4867063862713e-14,1.5732224076411e-14,3.3494412549777e-14,7.3628447537131,15.415956203087
2CXO J143513.2+333118,,acisfJ1434415p332806_001,7011,0,8,0.2719175196075,0.5154148393414599,0.57650630327803,108.89986460595,2.324320257179e-13,2.0607482963359e-13,2.5878922180221e-13,96.59595484978,121.20377436212
2CXO J085906.9-473102,506.06,acisfJ0859206m473014_001,2556,0,127,0.5321550873585,0.989744040690886,0.9993485208860177,205.43873517639,4.9020052450264e-14,4.4779378263441e-14,5.3011275214333e-14,188.01026277827,222.86720757452
2CXO J063719.7-801230,,acisfJ0638293m801452_001,14925,0,22,0.90551437884127,0.9901947685821244,0.962033156405288,115.03594975388,4.8088410741561e-14,4.2507706418998e-14,5.3340838339267e-14,101.64022918014,127.64368676447
2CXO J073733.4+653307,7.87039,acisfJ0737190p653619_001,4628,0,14,0.093715896449361,0.11183274945555999,0.32210744575477,317.09146630486,4.4285995192596e-14,4.124778565843e-14,4.7324204726761e-14,295.64543084401,338.5375017657
2CXO J073733.4+653307,7.87039,acisfJ0737190p653619_001,4629,0,14,0.044171693932259,0.53435031159055,0.51243596357025,386.41336498326,5.6000271072721e-14,5.2529444185875e-14,5.9471097959568e-14,362.6789432431,410.14778672341
2CXO J073733.4+653307,7.87039,acisfJ0737190p653619_001,4630,0,14,0.056135803117332,0.64309948611362,0.65795743205166,335.13460260131,4.5533523186398e-14,4.2466226024401e-14,4.8600820348395e-14,312.82993287431,357.4392723283
2CXO J073733.4+653307,7.87039,hrcfJ0736238p653537_001,2937,1,32,,,,,,,,,
2CXO J183659.8-235129,,acisfJ1836243m235242_001,5437,0,21,0.44083381375507,0.80611346441299,0.977598951541934,42.13935853303,4.2119001176036e-14,3.3600551499983e-14,5.0164203647863e-14,33.804100801222,50.011546390849
2CXO J184337.6-322514,4.25237,acisfJ1843137m321742_001,8958,0,2,0.24816675850121,0.53079592459395,0.71310406193975,28.032615433692,3.4157430989149e-14,2.4638146942993e-14,4.3116757150237e-14,21.393311778344,34.67191908904
2CXO J184337.6-322514,4.25237,acisfJ1843137m321742_001,9955,1,2,0.12010777178924,0.83779186823952,0.952610761361432,239.08199789428,4.7068224580084e-14,4.292363638304e-14,5.1212812777129e-14,219.53762630814,258.62636948042
2CXO J143551.5+333909,,acisfJ1435339p333952_001,4235,1,2,0.47514242414058,0.40091784283586995,0.40457679390261003,24.803497363588,4.5504881528675e-14,3.4473395097481e-14,5.6536367959868e-14,18.790528305749,30.816466421428
2CXO J143551.5+333909,,acisfJ1435403p334146_001,7772,0,2,0.1555211002154,0.04004014112462995,0.13971425108081004,43.992682834588,3.6461371463585e-14,2.9886278524444e-14,4.3036464402725e-14,36.075131547634,51.910234121541
2CXO J150234.5+015205,5.4032e-05,acisfJ1502328p015551_001,11329,0,1,0.68899002375649,0.935033416770618,0.973290906263413,37.004838538687,3.6675417937634e-14,2.9257917680584e-14,4.368083484707e-14,29.520713890413,44.073178484279
2CXO J150234.5+015205,5.4032e-05,acisfJ1501079p014443_001,12951,0,396,,,,161.68876773312,6.6310204666653e-14,4.4206803111102e-14,8.7408906151497e-14,128.98766864103,192.57313909788
2CXO J150234.5+015205,5.4032e-05,acisfJ1501079p014443_001,12952,0,396,0.52666874418526,0.966219667331531,0.965001378179086,225.74169389467,8.5275088965775e-14,6.9344577840301e-14,1.0120560009125e-13,184.02855480544,267.45483298391
2CXO J150234.5+015205,5.4032e-05,acisfJ1501079p014443_001,12953,0,396,,,,61.231410888165,1.7862629178249e-13,1.3893156027527e-13,2.183210232897e-13,41.448955062758,81.013866713572
2CXO J150234.5+015205,5.4032e-05,acisfJ1501079p014443_001,13246,0,396,,,,76.835963872435,8.3667068075629e-14,5.5348983496185e-14,1.1198515265507e-13,53.107210323595,100.56471742128
2CXO J150234.5+015205,5.4032e-05,acisfJ1501079p014443_001,13247,0,396,0.077246691513535,0.77770010681935,0.7678920800382301,100.68158306755,1.7027160176748e-13,1.3421408609907e-13,2.0632911743589e-13,77.352923576286,122.78241837506
2CXO J150234.5+015205,5.4032e-05,acisfJ1501079p014443_001,13253,0,396,,,,256.44271887994,1.2960175169289e-13,1.1063130807173e-13,1.4745628686575e-13,217.15078596811,293.42336162049
2CXO J150234.5+015205,5.4032e-05,acisfJ1501079p014443_001,13255,0,396,,,,54.416234958972,1.2566030480382e-13,9.1698060262244e-14,1.5962254934539e-13,32.458806817632,76.373663100312
2CXO J125730.0+272612,,acisfJ1257288p273028_001,12887,0,10,0.1846164810935,0.46329032294079997,0.88133468963206,80.733744399313,2.2392039672327e-14,1.9296556820976e-14,2.5487522523679e-14,69.811963233474,91.655525565151
2CXO J125730.0+272612,,acisfJ1258005p272155_001,4724,0,45,0.053829458745571,0.44693032922727005,0.44737942048399004,440.7133001265,8.417969305141e-14,7.9182065791741e-14,8.9177320311079e-14,415.11417344677,466.31242680623
2CXO J111633.3+181420,,acisfJ1116567p180623_001,2073,0,114,0.32304083122316,0.86785984361879,0.63997129421679,101.89549144433,3.1451202055291e-14,2.7267973375617e-14,3.538835845969e-14,89.530342410203,114.26064047845
2CXO J063912.8-801314,,acisfJ0638293m801452_001,14925,0,20,0.075986609172023,0.10015076701120995,0.12840186094898998,153.43644799845,3.4052381525567e-14,3.0715055994075e-14,3.738970705706e-14,138.40026985097,168.47262614593
2CXO J184443.3-030518,,acisfJ1844500m025814_001,7581,0,16,0.21755204709584,0.6256988010245901,0.49387116967271005,12.48829105021,7.3175305666302e-14,4.6438174749768e-14,9.8505219166175e-14,7.8357904628767,16.895923185578
2CXO J184443.3-030518,,acisfJ1844552m025836_001,7582,0,17,0.36359029268641,0.41586365906989,0.32409011424725,14.818656628674,7.1761997495223e-14,4.7389998345902e-14,9.6133996644544e-14,9.8791044191159,19.758208838232
2CXO J184443.3-030518,,acisfJ1844550m025507_001,7578,0,27,0.16002855095101,0.7287652365978801,0.65495517271267,21.396391189014,2.0740714350282e-13,1.4960515269056e-13,2.6180901720848e-13,15.125035150855,27.667747227173
2CXO J184443.3-030518,,acisfJ1844527m025656_001,3897,0,36,0.53644807478052,0.88163092617834,0.929475783216212,47.834141961077,1.1045356697765e-13,9.0632183650871e-14,1.3027495030442e-13,39.116796033705,56.551487888449
2CXO J184443.3-030518,,acisfJ1844395m030628_001,11232,0,82,0.61743976173349,0.37601928213688995,0.09566338513144002,35.093871317057,3.6691779866898e-14,2.9186643075942e-14,4.3779964613913e-14,27.91557945675,41.873369185125
2CXO J184443.3-030518,,acisfJ1844397m030422_001,11801,0,82,0.3913516570837,0.921052552950702,0.8624953222835701,25.56851262676,1.8654002905574e-14,1.413182038301e-14,2.3176185428137e-14,19.370085323303,31.766939930217
2CXO J184443.3-030518,,acisfJ1844459m030500_001,8163,0,93,,,,0.0,0.0,0.0,1.3743065154399e-14,0.0,2.8861750071913
2CXO J184443.3-030518,,hrcfJ1844537m025628_001,1964,4,166,,,,,,,,,
2CXO J063623.7-801259,,acisfJ0638293m801452_001,14925,0,21,0.16820743141949,0.8262379085759199,0.50863652894035,125.74532657475,3.0631640883846e-14,2.727100781301e-14,3.3992273954682e-14,112.29783026058,139.19282288891
2CXO J064013.0-801724,,acisfJ0638293m801452_001,14925,0,6,0.60604127718146,0.7965095515251099,0.983399949513113,108.5942978535,3.2858480377199e-14,2.8994518542025e-14,3.6722442212373e-14,96.151308986731,121.03728672028
2CXO J143550.3+333338,,acisfJ1435339p333952_001,4235,1,10,0.38664401368678,0.7442599557906999,0.46506804561225,9.6157335946337,3.0842055964559e-14,1.903020474409e-14,4.2653907185029e-14,6.009833496646,13.221633692621
2CXO J143550.3+333338,,acisfJ1435403p334146_001,7772,0,11,0.11394922452466,0.78688613805382,0.49419971052531997,51.868777535338,3.3973149580138e-14,2.717851966411e-14,4.0390300056386e-14,42.997657291316,60.739897779359
2CXO J143550.3+333338,,acisfJ1437170p333952_001,4234,1,29,,,,0.0,0.0,0.0,8.3461989310028e-14,0.0,18.145728532888
2CXO J110823.6+091239,,acisfJ1108578p090912_001,5009,1,36,0.92754290533424,0.20934776065440996,0.16022587407273003,70.057018573196,2.5167499894645e-14,2.0465879035206e-14,2.9592554821176e-14,59.147884242202,80.96615290419
2CXO J103302.5+572833,26.3847,acisfJ1033202p573715_001,1699,1,1,0.49444418005972,0.957636274392227,0.9875516246552,135.81824632209,2.9934341446174e-14,2.6402747814874e-14,3.3465935077474e-14,120.62090999566,151.01558264852
2CXO J103302.5+572833,26.3847,acisfJ1034003p572815_001,3346,0,15,0.085399359941262,0.48765423323192003,0.29737272439845996,100.90934416852,2.7700225450747e-14,2.4214409305904e-14,3.1186041595591e-14,88.895521063197,112.92316727385
2CXO J103302.5+572833,26.3847,acisfJ1032042p573715_001,3345,0,151,0.088684891555218,0.05240282271954999,0.21741039586945998,125.57189471226,2.7531433593748e-14,2.2444103473164e-14,3.2618763714332e-14,110.13196218403,140.1035959153
2CXO J103224.8+573153,,acisfJ1032042p573715_001,3345,0,4,0.074970692866182,0.47509460580911,0.45667533234956004,110.99609662431,3.1037029755232e-14,2.7513790228942e-14,3.4560269281523e-14,98.661398339994,123.33079490862
2CXO J103224.8+573153,,acisfJ1033202p573715_001,1699,1,62,0.41996058386383,0.16019331538364,0.44038946004221,65.888556231274,2.3412154589039e-14,1.9331731577918e-14,2.749257760016e-14,55.184584401276,76.592528061273
2CXO J103225.1+572814,,acisfJ1032042p573715_001,3345,0,1,0.19730105987955,0.48678212448042,0.47443999399235004,108.54869521584,2.7510444334951e-14,2.3758354444064e-14,3.1041823055787e-14,95.492871828709,121.60451860297
2CXO J103142.0+573015,,acisfJ1032042p573715_001,3345,0,2,0.13183341842917,0.25836922933458994,0.29353790618027,92.287700009871,2.6425799514976e-14,2.2995581474227e-14,2.9654240023917e-14,80.754829719176,103.14216616582
2CXO J073717.0+653557,,acisfJ0737190p653619_001,4627,0,42,0.053495957895354,0.5708221995379901,0.6055199188618501,542.40335468018,8.3666998074498e-14,7.9361215686909e-14,8.7972780462087e-14,514.12791586868,570.67879349167
2CXO J073717.0+653557,,acisfJ0737190p653619_001,4628,0,42,0.035421645610652,0.5507955320293301,0.76683714927492,491.98374471008,5.8548208219454e-14,5.5358722167141e-14,6.1737694271767e-14,465.87235056464,518.09513885552
2CXO J073717.0+653557,,acisfJ0737190p653619_001,4629,0,42,0.078926674136665,0.19020466923099,0.32219896490837996,267.20427787281,3.0001072471729e-14,2.7732067565078e-14,3.2128264571715e-14,247.21267231455,287.19588343107
2CXO J073717.0+653557,,acisfJ0737190p653619_001,4630,0,42,0.098663509825095,0.27471233636262005,0.06500088993332998,148.98507797128,1.5218614168605e-14,1.3698374452813e-14,1.664383890216e-14,134.34180528373,163.62835065883
2CXO J073717.0+653557,,hrcfJ0736238p653537_001,2937,1,56,,,,,,,,,
2CXO J073717.0+653557,,acisfJ0736501p653446_001,2014,1,136,,,,0.0,0.0,0.0,3.0834724047069e-15,0.0,1.961300789625
2CXO J161945.8-504222,,acisfJ1620420m504014_001,14531,0,174,0.13735910119134,0.28028579342157,0.29805958669805,66.687686603408,2.3614029010489e-14,1.9052227951644e-14,2.8175830069333e-14,55.722647085784,77.652726121032
2CXO J125751.0+273231,,acisfJ1257288p273028_001,12887,0,25,0.12382266403182,0.06314473440901003,0.005006840726930029,105.91796535686,2.5086466368188e-14,2.2146683030712e-14,2.8026249705664e-14,93.728998386332,118.10693232738
2CXO J143529.6+334733,,acisfJ1435339p333952_001,4235,1,17,0.37554352597822,0.05068848735697995,0.08654472352030995,10.387532710491,3.174413755431e-14,1.9840085971444e-14,4.3648189137176e-14,6.4922079440569,14.282857476925
2CXO J143529.6+334733,,acisfJ1435403p334146_001,7772,0,34,0.22123761344554,0.74291001480651,0.37671289606346003,47.845730850204,2.3308321994233e-14,1.8594279343714e-14,2.776047338639e-14,39.384241905585,56.307219794822
2CXO J125734.0+272730,,acisfJ1257288p273028_001,12887,0,12,0.10703500894069,0.30610090180885996,0.31573153692641,151.45920473921,4.3567574178099e-14,3.9368406175834e-14,4.7766742180365e-14,136.86464319959,166.05376627882
2CXO J125734.0+272730,,acisfJ1258005p272155_001,4724,0,48,0.21077759009157,0.7847314142846,0.72983792776486,73.189931322379,1.7207287997792e-14,1.4421829312663e-14,1.9992746682921e-14,61.729885470407,84.649977174351
2CXO J225435.8+010158,,acisfJ2255074p005825_001,8173,1,22,0.84258008284719,0.2778658360435,0.17464023953778995,24.558153715874,2.5095341983753e-14,1.8101558152215e-14,3.1677726766377e-14,18.32116229597,30.795145135779
2CXO J225435.8+010158,,acisfJ2255074p005825_001,9594,1,22,0.42662198226281,0.32948577459574,0.40533149358985,26.035403949099,2.4357034338898e-14,1.767849266533e-14,3.0642720619905e-14,19.626689130859,32.444118767339
2CXO J125745.0+273210,,acisfJ1257288p273028_001,12887,0,24,0.11923772067266,0.59585831866385,0.30964104938431003,83.35907438909,2.305388370248e-14,2.0008095654581e-14,2.6099671750379e-14,72.357704850367,94.360443927813
2CXO J151100.5+054912,14.3242,acisfJ1511028p054455_001,6101,1,6,0.32479126098284,0.911248031310611,0.67212943871331,30.960161056684,2.9868461827343e-14,2.3062989512252e-14,3.629585234715e-14,23.99412481893,37.53919528123
2CXO J151100.5+054912,14.3242,acisfJ1510587p054541_001,4977,0,40,0.32028070876635,0.89300012593933,0.77113220111338,180.73473271628,2.1866735091632e-14,1.9842468556858e-14,2.3891001626406e-14,164.125005483,197.34445994956
2CXO J151100.5+054912,14.3242,acisfJ1511253p055412_001,10435,0,48,,,,0.0,0.0,0.0,5.8900893197737e-14,0.0,14.200230945243
2CXO J151100.5+054912,14.3242,acisfJ1510540p054547_001,891,0,125,0.13336732368922,0.016772272223649964,0.0022301588237899628,32.52017552334,2.3808281710151e-14,1.8766527936237e-14,2.8850035484065e-14,25.551566482624,39.488784564055
2CXO J103145.7+573401,,acisfJ1032042p573715_001,3345,0,14,0.34033829066308,0.55893859824133,0.41556595943404995,70.416415064211,2.1481591919125e-14,1.8221856457479e-14,2.4560230966235e-14,59.838981536615,80.40621339583
2CXO J103143.3+573157,,acisfJ1032042p573715_001,3345,0,5,0.47097382369293,0.22451149068054,0.05577361710671003,92.342830939742,2.1254347260336e-14,1.8388520802168e-14,2.4120173718503e-14,80.151162208805,104.53449967068
2CXO J044308.1+361310,,acisfJ0442521p360623_001,4507,0,19,0.086188075473726,0.00801940089575004,0.00843689743745002,66.672630412501,1.8284386275354e-14,1.5285693283153e-14,2.1283079267555e-14,56.576302035927,76.768958789075
2CXO J063850.7-801522,,acisfJ0638293m801452_001,14925,0,11,0.66988421710944,0.9570433539482051,0.934574359491832,39.296664930325,1.7963606954548e-14,1.4412661393765e-14,2.1305673364696e-14,31.528719537121,46.607672359222
2CXO J181908.5-204037,,acisfJ1819055m205227_001,2535,0,114,0.56523610895136,0.84410397881306,0.900197330578249,41.813297922251,1.2452984471091e-14,7.9699100614981e-15,1.6686999191262e-14,32.005240384933,51.621355459569
2CXO J181908.5-204037,,acisfJ1819127m204717_001,6405,0,210,0.2896891292819,0.935251927376479,0.68299618659658,58.688775550024,1.8073459564271e-14,1.5148676077265e-14,2.0998243051276e-14,49.279469616517,68.098081483532
2CXO J143530.0+334335,,acisfJ1435403p334146_001,7772,0,5,0.21042896413787,0.03478827809777996,0.07748443077091005,46.203300242429,2.0137854781823e-14,1.6306865831711e-14,2.3756011012484e-14,37.57743192208,54.349953656091
2CXO J143530.0+334335,,acisfJ1435339p333952_001,4235,1,9,0.48401993917875,0.57725727588415,0.903842642761793,7.1700842120323,1.0324813814536e-14,5.5595151309038e-15,1.5090112498167e-14,3.8608145757097,10.295505535226
2CXO J143530.0+334335,,acisfJ1436249p335205_001,4232,1,41,,,,0.0,0.0,0.0,3.7378029916521e-14,0.0,7.7858090387949
2CXO J125705.5+273252,,acisfJ1257288p273028_001,12887,0,26,0.86107717623331,0.977815634907163,0.89288177416199,48.974526631178,1.8235303767737e-14,1.4979666053668e-14,2.1490941481806e-14,40.411169019703,57.537884242653
2CXO J063640.9-801126,,acisfJ0638293m801452_001,14925,0,25,0.21798148030962,0.11268203539002997,0.25234573926781,52.900398698634,1.7886917097171e-14,1.4831101666234e-14,2.0942732528108e-14,44.041462737711,61.759334659558
2CXO J151104.1+055136,,acisfJ1511253p055412_001,10435,0,9,0.49049322845094,0.5937726388530999,0.13917503088986005,9.0911356044201,2.5537938606933e-14,1.4510192390303e-14,3.5985277127951e-14,5.1654179570569,12.810236533501
2CXO J151104.1+055136,,acisfJ1511028p054455_001,6101,1,27,0.57617429651241,0.51687182819445,0.50618320530106,10.352737184664,1.4640123795396e-14,8.7217758781085e-15,2.0558471712684e-14,6.1675881100125,14.537886259315
2CXO J151104.1+055136,,acisfJ1510587p054541_001,4977,0,300,0.10431825949762,0.27652462698562996,0.41756659987726996,160.86739932379,1.9880263157063e-14,1.7811677958429e-14,2.1948848355697e-14,144.57060894589,177.1641897017
2CXO J063905.7-801957,,acisfJ0638293m801452_001,14925,0,1,0.56126222332771,0.39078393534698996,0.39656788154807,60.399725904615,1.5261000238659e-14,1.277054097545e-14,1.7751459501867e-14,50.950784952713,69.848666856516
2CXO J143525.5+334605,,acisfJ1435403p334146_001,7772,0,9,0.42539331872615,0.6031423304229699,0.10729620604194001,46.435084851068,1.7173165506513e-14,1.3699941022049e-14,2.0453433075172e-14,38.161759398878,54.708410303257
2CXO J143525.5+334605,,acisfJ1435339p333952_001,4235,1,13,0.42930007908524,0.10092503390270002,0.24571262768053004,6.7504768903315,2.0369001760655e-14,1.0432903340823e-14,2.9808295259495e-14,3.5528825738587,9.9480712068042
2CXO J143525.5+334605,,acisfJ1436249p335205_001,4232,1,42,,,,0.0,0.0,0.0,1.1272148984422e-14,0.0,4.3487082915144
2CXO J143525.5+334605,,acisfJ1434415p332806_001,7011,0,75,,,,0.0,0.0,0.0,6.1908323295396e-14,0.0,6.1972284697948
2CXO J125746.6+273137,,acisfJ1257288p273028_001,12887,0,23,0.48950005364952,0.87889914642411,0.944897248893365,50.763073461498,1.4657963167675e-14,1.2131894463141e-14,1.7184031872209e-14,42.213518474913,59.312628448082
2CXO J180434.9-300112,,acisfJ1804482m300203_001,12400,0,52,0.11304526233755,0.06112808857464003,0.07326431566182001,78.248491123308,1.286698800853e-14,1.1048660358064e-14,1.4685315658996e-14,67.332649996052,89.164332250565
2CXO J180434.9-300112,,acisfJ1803166m295750_001,3780,0,671,,,,0.0,0.0,0.0,2.070793028316e-14,0.0,54.11495471337
2CXO J104717.9-601042,,acisfJ1047086m600555_001,9485,1,6,1.0,0.999999999999999,0.9999999999999492,99.642989057663,1.372017934008e-14,1.1992951362091e-14,1.544740731807e-14,87.691385083361,111.59459303197
2CXO J104717.9-601042,,acisfJ1048222m595828_001,9490,0,264,,,,0.0,0.0,0.0,1.2836570764345e-14,0.0,24.020380149845
2CXO J103121.9+573134,,acisfJ1032042p573715_001,3345,0,51,0.24868281652906,0.76733267491554,0.43760134478464996,42.039912969889,1.2794767406489e-14,1.0147574149974e-14,1.5294894370975e-14,33.724325789032,49.893523085143
2CXO J125724.3+273606,,acisfJ1257288p273028_001,12887,0,30,0.22840000800029,0.47517650462712,0.82653758081162,44.129310260417,1.1735777986885e-14,9.3622498547058e-15,1.3977443445054e-14,35.974981190557,52.283639330277
2CXO J063704.1-801401,,acisfJ0638293m801452_001,14925,0,17,0.31700003910706,0.977832960039318,0.943534497661102,37.454776299026,1.0641446940322e-14,8.4892441883465e-15,1.2674082872743e-14,29.879653002594,44.609059412323
2CXO J103220.2+573211,,acisfJ1032042p573715_001,3345,0,7,0.66600300658402,0.44699934740416003,0.31010358462027,44.766406612495,1.1580282423642e-14,9.4404476279692e-15,1.3720117219315e-14,36.606418581598,52.926394643392
2CXO J151100.4+054921,,acisfJ1511028p054455_001,6101,1,7,0.71675107834383,0.936146927498033,0.913085992498717,23.820344506716,1.3641708934694e-14,9.8399211987953e-15,1.7219862097892e-14,17.956875089678,29.683813923754
2CXO J151100.4+054921,,acisfJ1510540p054547_001,891,0,20,0.43398377751381,0.984319548070078,0.89825466880172,253.64576335632,8.5296918256746e-14,7.8923517384223e-14,9.1670319129269e-14,234.78974796992,272.50177874272
2CXO J151100.4+054921,,acisfJ1510587p054541_001,4977,0,41,0.11086295902156,0.7377515305446201,0.33988339240255006,93.451630274548,9.2657286182723e-15,8.0108993941753e-15,1.0446744358599e-14,81.336320480838,104.85427478628
2CXO J151100.4+054921,,acisfJ1511253p055412_001,10435,0,45,,,,0.0,0.0,0.0,4.450347493319e-14,0.0,13.29474541947
2CXO J085928.4-434628,,acisfJ0859271m434510_001,6433,0,39,0.29175648074126,0.4917020749065,0.31144670278582,63.856723808379,1.0614410874352e-14,9.0440196629411e-15,1.2184802085762e-14,54.443759615425,73.269688001332
2CXO J184332.8-322122,,acisfJ1843137m321742_001,8958,0,7,0.39290648664601,0.84918576079384,0.7800051820716201,5.7688226309917,7.1331744766101e-15,3.2423520348228e-15,1.1023996918397e-14,2.6371760598819,8.7356456983588
2CXO J184332.8-322122,,acisfJ1843137m321742_001,9955,1,7,0.68011804885285,0.941853624441217,0.930766272749969,76.899011726788,1.0344349246938e-14,8.7832776486077e-15,1.181359310419e-14,66.011527586713,87.146055623329
2CXO J063944.2-801454,,acisfJ0638293m801452_001,14925,0,13,0.20866583729531,0.43551635985619996,0.75735251415127,37.144065457627,9.743527620189e-15,7.7729265284654e-15,1.1714128711913e-14,29.715252366101,44.160166710734
2CXO J151051.3+054937,,acisfJ1510540p054547_001,891,0,21,0.3967869792091,0.46640376106967996,0.31319302488478995,19.96619675664,6.1808730035503e-15,4.3374547393336e-15,8.0242912677671e-15,14.309107675592,25.290515891744
2CXO J151051.3+054937,,acisfJ1510172p055412_001,10434,0,28,,,,0.0,0.0,0.0,9.5482084202507e-15,0.0,8.0272910171522
2CXO J151051.3+054937,,acisfJ1511028p054455_001,6101,1,107,,,,0.0,0.0,0.0,5.8048015943598e-15,0.0,8.9101169818911
2CXO J151051.3+054937,,acisfJ1510587p054541_001,4977,0,293,0.87734555501615,0.989992778690947,0.980559504976061,94.701051385201,1.1373783443513e-14,9.8514613682098e-15,1.2806557161445e-14,82.360517551279,106.31567146419
2CXO J124235.1+323340,,acisfJ1241570p323148_001,797,0,165,0.29540060545003,0.55468747542612,0.54707812985427,58.365224468572,8.1462047863281e-15,6.4411851798873e-15,9.8512243927688e-15,48.570522913616,68.159926023528
2CXO J044309.2+360856,,acisfJ0442521p360623_001,4507,0,17,0.293885448577,0.55516932810789,0.75692403899699,49.851768640136,7.960975208156e-15,6.5178193659358e-15,9.4041310503762e-15,41.254083502387,58.449453777886
2CXO J174507.0-290357,952.411,acisfJ1745090m290626_001,2293,0,79,0.54842827788606,0.17382373565550002,0.16148534060323005,8.2241540240813,1.3887011951802e-14,7.7902749973523e-15,1.9645041297671e-14,4.8141389409256,11.634169107237
2CXO J174507.0-290357,952.411,acisfJ1745067m290719_001,7035,0,228,0.58100579728452,0.52411145609054,0.915772685428147,7.2242980296716,1.0178188297785e-14,5.6545490543248e-15,1.4475645579071e-14,3.7841561107803,10.664439948563
2CXO J174507.0-290357,952.411,acisfJ1743518m291114_001,7039,0,628,,,,0.0,0.0,0.0,5.5619731161299e-14,0.0,18.642935315636
2CXO J174507.0-290357,952.411,acisfJ1743554m291017_001,2268,0,652,,,,,,,,,
2CXO J174507.0-290357,952.411,hrcfJ1743521m290027_001,6196,0,1456,,,,,,,,,
2CXO J174507.0-290357,952.411,hrcfJ1743521m290027_001,6197,0,1456,,,,,,,,,
2CXO J174507.0-290357,952.411,hrcfJ1743521m290027_001,9033,1,1456,,,,,,,,,
2CXO J174507.0-290357,952.411,acisfJ1745401m290028_001,1561,0,2136,,,,25.561354271544,1.4478721386023e-14,1.0003480230343e-14,1.8953962541702e-14,18.694124765756,32.428583777331
2CXO J174507.0-290357,952.411,acisfJ1745401m290028_001,1561,1,2136,,,,0.0,0.0,0.0,3.0694683390726e-15,0.0,1.8561791066959
2CXO J174507.0-290357,952.411,acisfJ1745401m290028_001,2943,0,2136,0.34431047827921,0.72693410904318,0.64961208983216,23.895379673222,1.3203031229417e-14,7.4417085111257e-15,1.8964353947707e-14,14.831614969586,32.547155072147
2CXO J174507.0-290357,952.411,acisfJ1745401m290028_001,2951,0,2136,,,,9.8629438089343,1.9908323985019e-14,1.0157308155622e-14,2.9659339814416e-14,5.1556297183066,14.346100085723
2CXO J174507.0-290357,952.411,acisfJ1745401m290028_001,2952,1,2136,,,,12.862423245918,2.231967660572e-14,1.091184189613e-14,3.323151850185e-14,7.3139269437574,18.158715170708
2CXO J174507.0-290357,952.411,acisfJ1745401m290028_001,2953,1,2136,,,,0.0,0.0,0.0,3.9647850441257e-15,0.0,2.391868683895
2CXO J174507.0-290357,952.411,acisfJ1745401m290028_001,2954,0,2136,,,,8.8409308587885,2.5452793033384e-14,1.2726396516692e-14,3.7670133689408e-14,4.2195351826036,13.261396288183
2CXO J174507.0-290357,952.411,acisfJ1745401m290028_001,3392,1,2136,0.37307102036559,0.84031712718002,0.958072289465935,153.60960634186,2.8178608746755e-14,2.4818008396333e-14,3.1539209097177e-14,134.72139164995,172.49782103377
2CXO J174507.0-290357,952.411,acisfJ1745401m290028_001,3393,0,2136,0.46261235478146,0.02361935625167999,0.09762293095382002,165.46150719701,2.9733423969839e-14,2.6220377793201e-14,3.3026904760437e-14,146.92009825919,184.00291613483
2CXO J174507.0-290357,952.411,acisfJ1745401m290028_001,3549,0,2136,,,,7.9731790854313,7.8497367796549e-15,1.7942255496354e-15,1.3905248009674e-14,2.5795579394043,13.366800231458
2CXO J174507.0-290357,952.411,acisfJ1745401m290028_001,3663,0,2136,,,,19.785441276591,1.0431531897801e-14,5.5350985580168e-15,1.5327965237585e-14,12.091103002361,27.479779550821
2CXO J174507.0-290357,952.411,acisfJ1745401m290028_001,3665,0,2136,0.15097282098505,0.4451132484907,0.24248302301198998,81.885642177234,3.1041000015018e-14,2.6092926726991e-14,3.5989073303044e-14,66.418354210424,96.44308967541
2CXO J174507.0-290357,952.411,acisfJ1745401m290028_001,4683,0,2136,,,,14.583557152505,6.5658129608627e-15,2.835237414918e-15,1.0296388506807e-14,7.5956026835965,21.571511621414
2CXO J174507.0-290357,952.411,acisfJ1745401m290028_001,4684,0,2136,,,,22.587156266444,8.6827141067421e-15,5.331491118175e-15,1.2033937095309e-14,14.930493125276,29.860986250553
2CXO J174507.0-290357,952.411,acisfJ1745401m290028_001,5360,0,2136,,,,5.8714355209846,2.1093477923644e-14,6.2039640951894e-15,3.5982991752098e-14,2.4176499204054,9.1525318415349
2CXO J174507.0-290357,952.411,acisfJ1745401m290028_001,5950,0,2136,,,,30.69809690916,2.0892988184879e-14,1.5528572299572e-14,2.5975066392012e-14,22.921245692173,38.474948126147
2CXO J174507.0-290357,952.411,acisfJ1745401m290028_001,5951,1,2136,0.28045529124792,0.34002478276668,0.60024674210839,25.758686971154,1.4336944942453e-14,1.0035861459717e-14,1.8399079342814e-14,18.031080879807,33.05698161298
2CXO J174507.0-290357,952.411,acisfJ1745401m290028_001,5952,1,2136,,,,19.729744871956,6.8024785913901e-15,3.0233238183956e-15,1.0581633364385e-14,12.166676004373,26.963984658339
2CXO J174507.0-290357,952.411,acisfJ1745401m290028_001,5953,1,2136,,,,11.501316931939,4.2180648134723e-15,1.1165465682721e-15,7.3195830586725e-15,5.2029767073057,17.52581627724
2CXO J174507.0-290357,952.411,acisfJ1745401m290028_001,5954,0,2136,,,,12.443042777909,2.0628873378691e-14,1.2297982206528e-14,2.8959764550855e-14,7.4658256667452,17.420259889072
2CXO J174507.0-290357,952.411,acisfJ1745401m290028_001,6113,0,2136,,,,0.0,0.0,0.0,1.3994546702552e-14,0.0,2.4149484680628
2CXO J174507.0-290357,952.411,acisfJ1745401m290028_001,6363,0,2136,,,,0.0,0.0,0.0,2.7892097387677e-15,0.0,2.8840307992381
2CXO J174507.0-290357,952.411,acisfJ1745401m290028_001,6639,0,2136,,,,0.0,0.0,0.0,1.1944566645937e-14,0.0,2.4520364091038
2CXO J174507.0-290357,952.411,acisfJ1745401m290028_001,6640,0,2136,,,,0.0,0.0,0.0,8.4095060829462e-15,0.0,2.7062758336161
2CXO J174507.0-290357,952.411,acisfJ1745401m290028_001,6641,0,2136,,,,0.0,0.0,0.0,8.792648366779e-15,0.0,1.6050248979303
2CXO J174507.0-290357,952.411,acisfJ1745401m290028_001,6642,0,2136,,,,0.0,0.0,0.0,1.0469076223243e-14,0.0,1.4537564026193
2CXO J174507.0-290357,952.411,acisfJ1745401m290028_001,6643,1,2136,,,,1.7648478458392,2.577894668504e-14,7.3654133385829e-15,4.4192480031497e-14,0.0,3.7373248500124
2CXO J174507.0-290357,952.411,acisfJ1745401m290028_001,6644,0,2136,,,,3.1412321667661,1.1173891961093e-14,1.7878227137749e-15,2.0559961208411e-14,0.69805159261468,5.5844127409175
2CXO J174507.0-290357,952.411,acisfJ1745401m290028_001,6645,0,2136,,,,0.0,0.0,0.0,1.8747749772088e-15,0.0,3.12227453427
2CXO J174507.0-290357,952.411,acisfJ1745401m290028_001,6646,1,2136,,,,2.6645751781165,1.5711452887205e-14,1.8853743464647e-15,2.9537531427946e-14,0.22204793150971,5.1071024247234
2CXO J174507.0-290357,952.411,acisfJ1745401m290028_001,7554,1,2136,,,,0.0,0.0,0.0,1.002651457463e-14,0.0,2.0388767894168
2CXO J174507.0-290357,952.411,acisfJ1745401m290028_001,7555,0,2136,,,,0.0,0.0,0.0,5.4006151153088e-15,0.0,2.5981403564176
2CXO J174507.0-290357,952.411,acisfJ1745401m290028_001,7556,0,2136,,,,0.0,0.0,0.0,7.262323446433e-15,0.0,2.5038129943378
2CXO J174507.0-290357,952.411,acisfJ1745401m290028_001,7557,0,2136,,,,0.0,0.0,0.0,9.2496343674646e-15,0.0,1.2415237968934
2CXO J174507.0-290357,952.411,acisfJ1745401m290028_001,7558,0,2136,,,,0.0,0.0,0.0,7.5663139467425e-15,0.0,1.4184943975661
2CXO J174507.0-290357,952.411,acisfJ1745401m290028_001,7559,0,2136,,,,0.0,0.0,0.0,1.3065864929884e-14,0.0,3.0189458382595
2CXO J174507.0-290357,952.411,acisfJ1745401m290028_001,9169,0,2136,,,,0.0,0.0,0.0,4.1262175610223e-15,0.0,3.885595995293
2CXO J174507.0-290357,952.411,acisfJ1745401m290028_001,9170,0,2136,,,,0.0,0.0,0.0,1.0121940090805e-14,0.0,7.6700472257918
2CXO J174507.0-290357,952.411,acisfJ1745401m290028_001,9171,1,2136,,,,0.0,0.0,0.0,6.5214096064879e-15,0.0,3.5356315662592
2CXO J174507.0-290357,952.411,acisfJ1745401m290028_001,9172,1,2136,,,,0.0,0.0,0.0,2.7465864554227e-15,0.0,2.5413212525757
2CXO J174507.0-290357,952.411,acisfJ1745401m290028_001,9173,0,2136,,,,3.8169786172322,3.5733422848522e-15,0.0,7.1466845697045e-15,0.0,7.8157181209993
2CXO J174507.0-290357,952.411,acisfJ1745401m290028_001,9174,0,2136,,,,9.0711490948384,6.4214860456053e-15,2.408057267102e-15,1.0434914824109e-14,3.4889034980148,14.420801125128
2CXO J174507.0-290357,952.411,acisfJ1745401m290028_001,10556,0,2136,,,,24.359705062928,4.3116805032106e-15,1.7877699647458e-15,6.7304281025726e-15,13.585220131248,35.134189994607
2CXO J174507.0-290357,952.411,acisfJ1745401m290028_001,11843,0,2136,,,,6.2176427973325,4.0486207519404e-15,1.3495402506468e-15,6.7477012532339e-15,0.0,12.694354044554
2CXO J174507.0-290357,952.411,acisfJ1745401m290028_001,13016,0,2136,,,,6.940897250762,5.4081496655687e-15,0.0,1.110093878722e-14,2.5239626366407,11.357831864883
2CXO J174507.0-290357,952.411,acisfJ1745401m290028_001,13017,0,2136,,,,4.2398659324861,0.0,0.0,6.2845855709831e-15,0.0,8.4797318649722
2CXO J174507.0-290357,952.411,acisfJ1745401m290028_001,14941,0,2136,,,,8.5272942528702,2.0315008838432e-14,1.1238089995728e-14,2.9391927681135e-14,3.5357073731413,13.518881132599
2CXO J174507.0-290357,952.411,acisfJ1745401m290028_001,14942,0,2136,,,,0.0,0.0,0.0,2.5047999981295e-15,0.0,5.3022968170877
2CXO J174507.0-290357,952.411,acisfJ1745141m285603_001,6602,0,3899,,,,0.0,0.0,0.0,3.7393030330055e-15,0.0,2.0608208006258
2CXO J174507.0-290357,952.411,acisfJ1745141m285603_001,6603,0,3899,,,,0.0,0.0,0.0,1.1902045388083e-14,0.0,3.819679654648
2CXO J174507.0-290357,952.411,acisfJ1745141m285603_001,6604,0,3899,,,,0.0,0.0,0.0,6.335541453356e-15,0.0,1.8589615485797
2CXO J174507.0-290357,952.411,acisfJ1745141m285603_001,6605,1,3899,,,,0.0,0.0,0.0,6.7228532041788e-15,0.0,1.8925341611236
2CXO J174507.0-290357,952.411,acisfJ1745141m285603_001,6606,0,3899,,,,0.0,0.0,0.0,2.1329515119454e-14,0.0,3.4961577510355
2CXO J174507.0-290357,952.411,acisfJ1745369m285627_001,2284,0,4423,,,,,,,,,
2CXO J174507.0-290357,952.411,hrcfJ1745400m290014_001,6190,0,5696,,,,,,,,,
2CXO J174507.0-290357,952.411,hrcfJ1745400m290014_001,6191,0,5696,,,,,,,,,
2CXO J174507.0-290357,952.411,hrcfJ1745400m290014_001,8532,0,5696,,,,,,,,,
2CXO J174507.0-290357,952.411,hrcfJ1745400m290014_001,9036,0,5696,,,,,,,,,
2CXO J174507.0-290357,952.411,hrcfJ1745400m290014_001,9073,1,5696,,,,,,,,,
2CXO J073726.0+653656,,acisfJ0736501p653446_001,2014,1,29,0.66934403181494,0.39616407960045996,0.49309497090152,39.518814611069,6.6725081308269e-15,5.2595064090047e-15,8.0855098526491e-15,31.526245363886,47.067352233408
2CXO J073726.0+653656,,acisfJ0737190p653619_001,4628,0,56,0.44904186194028,0.5796195095953101,0.38060082067516,31.918323999056,4.9892388357809e-15,3.8666600977302e-15,6.0494520883844e-15,24.825363110377,38.617231505031
2CXO J073726.0+653656,,acisfJ0737190p653619_001,4629,0,56,0.6667411595215,0.31342481504413,0.26954930982338,36.424794186618,6.3521242537131e-15,5.0665752976045e-15,7.6376732098217e-15,29.05310964885,43.796478724386
2CXO J073726.0+653656,,acisfJ0737190p653619_001,4630,0,56,0.3901997342959,0.88233566146463,0.68064796997996,38.599323215891,6.4718707012826e-15,5.1774965610261e-15,7.6901051862299e-15,30.879458572713,45.865078174177
2CXO J073726.0+653656,,hrcfJ0736238p653537_001,2937,1,68,,,,,,,,,
2CXO J111510.3-611640,,acisfJ1115042m611530_001,633,0,292,0.74200832551132,0.946510913321404,0.87132851170171,37.077647772449,1.1219201113918e-14,9.0518554441838e-15,1.3386546783652e-14,29.662118217959,44.493177326938
2CXO J111510.3-611640,,acisfJ1115042m611530_001,12328,0,292,0.37839916649062,0.86252189311231,0.79473575832634,39.227852593296,2.26570212432e-15,1.8009427142031e-15,2.7014140713047e-15,31.562640017594,46.893065168997
2CXO J111510.3-611640,,acisfJ1115042m611530_001,12329,0,292,0.99999990641501,0.9999999969636765,0.9999999358237641,47.101781199113,6.6534978545644e-15,5.4836520779377e-15,7.8233436311911e-15,38.76245521775,55.441107180476
2CXO J111510.3-611640,,acisfJ1115042m611530_001,12330,0,292,0.35376839461755,0.5594064782627299,0.8422650108804199,29.554850937546,5.1626882649491e-15,4.05639792246e-15,6.2689786074382e-15,22.70677572031,36.042501143349
2CXO J111510.3-611640,,acisfJ1115042m611530_001,13162,0,292,0.46119307220491,0.86877930360235,0.55383716464755,12.290068460715,5.3804433535563e-15,3.6195709833015e-15,7.1413157238111e-15,7.9523972392865,16.386757947621
2CXO J174506.8-290537,338.753,acisfJ1743554m291017_001,2268,0,470,,,,,,,,,
2CXO J174506.8-290537,338.753,acisfJ1743518m291114_001,7039,0,531,,,,0.0,0.0,0.0,3.6297513662875e-14,0.0,13.782101451845
2CXO J174506.8-290537,338.753,hrcfJ1743521m290027_001,6196,0,1058,,,,,,,,,
2CXO J174506.8-290537,338.753,hrcfJ1743521m290027_001,6197,0,1058,,,,,,,,,
2CXO J174506.8-290537,338.753,hrcfJ1743521m290027_001,9033,1,1058,,,,,,,,,
2CXO J174506.8-290537,338.753,hrcfJ1744402m292135_001,6200,0,1077,,,,,,,,,
2CXO J174506.8-290537,338.753,hrcfJ1744402m292135_001,6201,0,1077,,,,,,,,,
2CXO J174506.8-290537,338.753,hrcfJ1744402m292135_001,9034,1,1077,,,,,,,,,
2CXO J174506.8-290537,338.753,acisfJ1745090m290626_001,2293,0,1694,,,,,,,,,
2CXO J174506.8-290537,338.753,acisfJ1745067m290719_001,7035,0,1714,,,,0.0,0.0,0.0,2.6199172236431e-15,0.0,2.8406239380513
2CXO J174506.8-290537,338.753,acisfJ1745369m285627_001,2284,0,2384,,,,,,,,,
2CXO J174506.8-290537,338.753,hrcfJ1745400m290014_001,6190,0,2844,,,,,,,,,
2CXO J174506.8-290537,338.753,hrcfJ1745400m290014_001,6191,0,2844,,,,,,,,,
2CXO J174506.8-290537,338.753,hrcfJ1745400m290014_001,8532,0,2844,,,,,,,,,
2CXO J174506.8-290537,338.753,hrcfJ1745400m290014_001,9036,0,2844,,,,,,,,,
2CXO J174506.8-290537,338.753,hrcfJ1745400m290014_001,9073,1,2844,,,,,,,,,
2CXO J174506.8-290537,338.753,acisfJ1745401m290028_001,1561,0,5193,,,,9.2197816099745,4.2924398978086e-15,1.1077264252409e-15,7.4771533703762e-15,3.7824745066562,14.657088713293
2CXO J174506.8-290537,338.753,acisfJ1745401m290028_001,1561,1,5193,,,,2.9958433746263,7.0020730174264e-15,5.6016584139412e-16,1.3443980193459e-14,0.15767596708559,5.6763348150813
2CXO J174506.8-290537,338.753,acisfJ1745401m290028_001,2943,0,5193,,,,0.0,0.0,0.0,2.3012028132171e-15,0.0,6.1230653937089
2CXO J174506.8-290537,338.753,acisfJ1745401m290028_001,2951,0,5193,,,,0.0,9.7027388872704e-15,8.4371642498003e-16,1.8561761349561e-14,0.0,4.6553209881259
2CXO J174506.8-290537,338.753,acisfJ1745401m290028_001,2952,1,5193,,,,8.0541468138892,5.5215998283058e-15,0.0,1.1283269214364e-14,3.6435426062832,12.272985621165
2CXO J174506.8-290537,338.753,acisfJ1745401m290028_001,2953,1,5193,,,,5.809817265808,2.3587238487042e-14,1.0355372994311e-14,3.6819103979773e-14,1.6340111060085,9.804066636051
2CXO J174506.8-290537,338.753,acisfJ1745401m290028_001,2954,0,5193,,,,5.0813241753763,0.0,0.0,8.2813549561815e-15,1.1856423075878,8.9770060431648
2CXO J174506.8-290537,338.753,acisfJ1745401m290028_001,3392,1,5193,,,,26.906056223588,2.9005983489897e-15,1.2026871203128e-15,4.5277632764717e-15,14.77195243648,39.040160010697
2CXO J174506.8-290537,338.753,acisfJ1745401m290028_001,3393,0,5193,,,,50.393363275688,1.1792665650786e-14,8.9564549246474e-15,1.447960212818e-14,36.198049676903,63.878911194534
2CXO J174506.8-290537,338.753,acisfJ1745401m290028_001,3549,0,5193,,,,8.5460990758416,5.3227947657193e-15,1.2419854453345e-15,9.4036040861041e-15,3.5060919285504,13.586106223133
2CXO J174506.8-290537,338.753,acisfJ1745401m290028_001,3663,0,5193,,,,18.316099534714,1.6724667522352e-14,1.0580912105978e-14,2.2527103193373e-14,10.989659720828,25.6425393486
2CXO J174506.8-290537,338.753,acisfJ1745401m290028_001,3665,0,5193,,,,20.546320103558,7.6426274639973e-15,4.5036911841413e-15,1.0645088253425e-14,11.129256722761,29.963383484356
2CXO J174506.8-290537,338.753,acisfJ1745401m290028_001,4683,0,5193,,,,3.8795579869929,0.0,0.0,2.4247382528458e-15,0.0,8.3133385435563
2CXO J174506.8-290537,338.753,acisfJ1745401m290028_001,4684,0,5193,,,,0.0,0.0,0.0,1.6230227025809e-15,0.0,5.3643908179304
2CXO J174506.8-290537,338.753,acisfJ1745401m290028_001,5360,0,5193,,,,0.0,1.0942975878461e-14,0.0,2.1885951756922e-14,0.0,2.3109985096287
2CXO J174506.8-290537,338.753,acisfJ1745401m290028_001,5950,0,5193,,,,4.0865213264861,5.109285404241e-15,1.3934414738839e-15,8.8251293345982e-15,0.0,8.5445445917437
2CXO J174506.8-290537,338.753,acisfJ1745401m290028_001,5951,1,5193,,,,4.7989368102451,0.0,0.0,2.2075929104329e-15,0.0,9.8160071118649
2CXO J174506.8-290537,338.753,acisfJ1745401m290028_001,5952,1,5193,,,,6.7945897867956,0.0,0.0,2.7052352414029e-15,1.2133196047849,12.375859968806
2CXO J174506.8-290537,338.753,acisfJ1745401m290028_001,5953,1,5193,,,,0.0,0.0,0.0,4.1807480855811e-15,0.0,4.9078513751596
2CXO J174506.8-290537,338.753,acisfJ1745401m290028_001,5954,0,5193,,,,0.0,0.0,0.0,2.5813950917341e-15,0.0,4.7969940944187
2CXO J174506.8-290537,338.753,acisfJ1745401m290028_001,6113,0,5193,,,,0.0,5.0592124159181e-14,1.4990259010128e-14,8.6193989308234e-14,0.0,3.20650308287
2CXO J174506.8-290537,338.753,acisfJ1745401m290028_001,6363,0,5193,,,,4.1906181986184,6.7243949187409e-15,2.1013734121065e-15,1.1347416425375e-14,0.0,8.3812363972368
2CXO J174506.8-290537,338.753,acisfJ1745401m290028_001,6639,0,5193,,,,6.0964271279695,6.0183080715643e-14,2.8507775075831e-14,9.1858386355454e-14,2.3447796646036,9.6917559470284
2CXO J174506.8-290537,338.753,acisfJ1745401m290028_001,6640,0,5193,,,,0.0,0.0,0.0,1.5114642853597e-14,0.0,3.2292761009793
2CXO J174506.8-290537,338.753,acisfJ1745401m290028_001,6641,0,5193,,,,2.996843147718,0.0,0.0,1.4454668439385e-14,0.26059505632331,5.7330912391128
2CXO J174506.8-290537,338.753,acisfJ1745401m290028_001,6642,0,5193,,,,0.0,1.4780957809889e-14,0.0,3.0905639057041e-14,0.0,2.3557055692
2CXO J174506.8-290537,338.753,acisfJ1745401m290028_001,6643,1,5193,,,,0.0,0.0,0.0,8.2530009613065e-15,0.0,1.2643478028496
2CXO J174506.8-290537,338.753,acisfJ1745401m290028_001,6644,0,5193,,,,2.8231886169076,2.5742233390902e-14,7.6273284121191e-15,4.3857138369685e-14,0.38498026594195,5.2613969678733
2CXO J174506.8-290537,338.753,acisfJ1745401m290028_001,6645,0,5193,,,,0.0,0.0,0.0,2.9608346416439e-14,0.0,2.3380777389549
2CXO J174506.8-290537,338.753,acisfJ1745401m290028_001,6646,1,5193,,,,0.0,0.0,0.0,2.3986851589211e-14,0.0,1.8058383161793
2CXO J174506.8-290537,338.753,acisfJ1745401m290028_001,7554,1,5193,,,,0.0,0.0,0.0,2.621979630986e-14,0.0,2.6640631808915
2CXO J174506.8-290537,338.753,acisfJ1745401m290028_001,7555,0,5193,,,,0.0,0.0,0.0,1.7888672514949e-14,0.0,2.7986882134927
2CXO J174506.8-290537,338.753,acisfJ1745401m290028_001,7556,0,5193,,,,0.0,0.0,0.0,7.2412883964745e-15,0.0,2.6267883942204
2CXO J174506.8-290537,338.753,acisfJ1745401m290028_001,7557,0,5193,,,,0.0,0.0,0.0,1.0062948187732e-14,0.0,2.2883069199307
2CXO J174506.8-290537,338.753,acisfJ1745401m290028_001,7558,0,5193,,,,0.0,0.0,0.0,8.2587648639563e-15,0.0,1.266635708663
2CXO J174506.8-290537,338.753,acisfJ1745401m290028_001,7559,0,5193,,,,2.2460590222055,1.9130480328153e-14,1.8219505074431e-15,3.6439010148862e-14,0.1069551915336,4.2782076613438
2CXO J174506.8-290537,338.753,acisfJ1745401m290028_001,9169,0,5193,,,,10.853102650435,4.8726929411108e-15,7.2188043572012e-16,8.8430353375715e-15,5.168144119255,16.538061181616
2CXO J174506.8-290537,338.753,acisfJ1745401m290028_001,9170,0,5193,,,,0.0,0.0,0.0,3.1341008542049e-15,0.0,4.2449031762555
2CXO J174506.8-290537,338.753,acisfJ1745401m290028_001,9171,1,5193,,,,0.0,0.0,0.0,4.7603925815354e-15,0.0,4.9283426597927
2CXO J174506.8-290537,338.753,acisfJ1745401m290028_001,9172,1,5193,,,,0.0,0.0,0.0,1.3669561011891e-15,0.0,3.6778645469647
2CXO J174506.8-290537,338.753,acisfJ1745401m290028_001,9173,0,5193,,,,4.1090769630567,9.8730440753549e-15,4.0025854359547e-15,1.5743502714755e-14,0.0,8.3968094462463
2CXO J174506.8-290537,338.753,acisfJ1745401m290028_001,9174,0,5193,,,,0.0,0.0,0.0,5.3728063883445e-15,0.0,5.376611056592
2CXO J174506.8-290537,338.753,acisfJ1745401m290028_001,10556,0,5193,,,,20.777819101038,3.0545912021632e-15,7.1273794717142e-16,5.3964444571551e-15,10.158044893841,30.935863994879
2CXO J174506.8-290537,338.753,acisfJ1745401m290028_001,11843,0,5193,,,,6.5507377786478,3.0099392901713e-15,3.4730068732746e-16,5.6725778930152e-15,0.0,13.386290243324
2CXO J174506.8-290537,338.753,acisfJ1745401m290028_001,13016,0,5193,,,,6.9781805949296,0.0,0.0,5.6678261782328e-15,2.3260601983099,11.630300991549
2CXO J174506.8-290537,338.753,acisfJ1745401m290028_001,13017,0,5193,,,,0.0,0.0,0.0,4.6527427760328e-15,0.0,5.1424838941499
2CXO J174506.8-290537,338.753,acisfJ1745401m290028_001,14941,0,5193,,,,4.9184677879792,0.0,0.0,8.9349033075507e-15,0.7026382554256,8.9586377566764
2CXO J174506.8-290537,338.753,acisfJ1745401m290028_001,14942,0,5193,,,,8.0745851014027,1.2655370820404e-14,4.9955411133175e-15,1.998216445327e-14,3.2734804465146,12.875689756291
2CXO J174506.0-290512,,acisfJ1745369m285627_001,2284,0,192,,,,,,,,,
2CXO J174506.0-290512,,acisfJ1745067m290719_001,7035,0,222,0.48617885472885,0.39887028718981,0.32035870108391995,5.7335944339645,2.9339538580766e-15,1.3412360494065e-15,4.5266716667468e-15,2.6210717412409,8.8461171266881
2CXO J174506.0-290512,,acisfJ1745090m290626_001,2293,0,254,,,,,,,,,
2CXO J174506.0-290512,,acisfJ1743554m291017_001,2268,0,349,,,,,,,,,
2CXO J174506.0-290512,,hrcfJ1745400m290014_001,6190,0,399,,,,,,,,,
2CXO J174506.0-290512,,hrcfJ1745400m290014_001,6191,0,399,,,,,,,,,
2CXO J174506.0-290512,,hrcfJ1745400m290014_001,8532,0,399,,,,,,,,,
2CXO J174506.0-290512,,hrcfJ1745400m290014_001,9036,0,399,,,,,,,,,
2CXO J174506.0-290512,,hrcfJ1745400m290014_001,9073,1,399,,,,,,,,,
2CXO J174506.0-290512,,acisfJ1743518m291114_001,7039,0,467,,,,0.0,0.0,0.0,3.68905872869e-14,0.0,14.968806325738
2CXO J174506.0-290512,,hrcfJ1743521m290027_001,6196,0,635,,,,,,,,,
2CXO J174506.0-290512,,hrcfJ1743521m290027_001,6197,0,635,,,,,,,,,
2CXO J174506.0-290512,,hrcfJ1743521m290027_001,9033,1,635,,,,,,,,,
2CXO J174506.0-290512,,hrcfJ1744402m292135_001,6200,0,775,,,,,,,,,
2CXO J174506.0-290512,,hrcfJ1744402m292135_001,6201,0,775,,,,,,,,,
2CXO J174506.0-290512,,hrcfJ1744402m292135_001,9034,1,775,,,,,,,,,
2CXO J174506.0-290512,,acisfJ1745401m290028_001,1561,0,8211,,,,0.0,0.0,0.0,3.1293798394039e-15,0.0,7.0634301562504
2CXO J174506.0-290512,,acisfJ1745401m290028_001,1561,1,8211,,,,0.0,0.0,0.0,3.5860459379607e-15,0.0,2.4233633269968
2CXO J174506.0-290512,,acisfJ1745401m290028_001,2943,0,8211,,,,0.0,0.0,0.0,2.6219222045163e-15,0.0,4.4823418081493
2CXO J174506.0-290512,,acisfJ1745401m290028_001,2951,0,8211,,,,0.0,0.0,0.0,8.4762605522226e-15,0.0,4.5727306078001
2CXO J174506.0-290512,,acisfJ1745401m290028_001,2952,1,8211,,,,0.0,0.0,0.0,5.2419818388812e-15,0.0,2.034178287886
2CXO J174506.0-290512,,acisfJ1745401m290028_001,2953,1,8211,,,,0.0,0.0,0.0,4.5040843628891e-15,0.0,2.9968548610805
2CXO J174506.0-290512,,acisfJ1745401m290028_001,2954,0,8211,,,,0.0,0.0,0.0,1.1360354412569e-14,0.0,3.1360949074035
2CXO J174506.0-290512,,acisfJ1745401m290028_001,3392,1,8211,,,,0.0,0.0,0.0,1.0072512470731e-15,0.0,9.2105481393773
2CXO J174506.0-290512,,acisfJ1745401m290028_001,3393,0,8211,,,,0.0,0.0,0.0,1.4950885067293e-15,0.0,5.5090163725726
2CXO J174506.0-290512,,acisfJ1745401m290028_001,3549,0,8211,,,,0.0,0.0,0.0,4.9270432032801e-15,0.0,3.5097291795758
2CXO J174506.0-290512,,acisfJ1745401m290028_001,3663,0,8211,,,,0.0,0.0,0.0,5.3094868108729e-15,0.0,7.8158867959123
2CXO J174506.0-290512,,acisfJ1745401m290028_001,3665,0,8211,,,,0.0,0.0,0.0,1.0525716298031e-15,0.0,6.1843570646689
2CXO J174506.0-290512,,acisfJ1745401m290028_001,4683,0,8211,,,,0.0,0.0,0.0,3.0595117272646e-15,0.0,3.3678481783538
2CXO J174506.0-290512,,acisfJ1745401m290028_001,4684,0,8211,,,,0.0,0.0,0.0,1.8390542263805e-15,0.0,3.4674770429228
2CXO J174506.0-290512,,acisfJ1745401m290028_001,5360,0,8211,,,,0.0,0.0,0.0,3.8766423080765e-14,0.0,4.7812791982058
2CXO J174506.0-290512,,acisfJ1745401m290028_001,5950,0,8211,,,,0.0,0.0,0.0,3.912597179949e-15,0.0,4.5761643436838
2CXO J174506.0-290512,,acisfJ1745401m290028_001,5951,1,8211,,,,0.0,0.0,0.0,9.15617329708e-15,0.0,14.168850674633
2CXO J174506.0-290512,,acisfJ1745401m290028_001,5952,1,8211,,,,0.0,0.0,0.0,2.1917765508562e-15,0.0,6.3174979651604
2CXO J174506.0-290512,,acisfJ1745401m290028_001,5953,1,8211,,,,0.0,0.0,0.0,2.7191279354097e-15,0.0,6.2002870942944
2CXO J174506.0-290512,,acisfJ1745401m290028_001,5954,0,8211,,,,0.0,0.0,0.0,3.8001887604893e-15,0.0,2.5836697050704
2CXO J174506.0-290512,,acisfJ1745401m290028_001,6113,0,8211,,,,0.0,0.0,0.0,1.9163009774281e-14,0.0,2.5439119922717
2CXO J174506.0-290512,,acisfJ1745401m290028_001,6363,0,8211,,,,0.0,0.0,0.0,8.7692783179125e-15,0.0,3.751440849416
2CXO J174506.0-290512,,acisfJ1745401m290028_001,6639,0,8211,,,,0.0,0.0,0.0,2.2668435683833e-14,0.0,2.104455899565
2CXO J174506.0-290512,,acisfJ1745401m290028_001,6640,0,8211,,,,0.0,0.0,0.0,2.3692193487018e-15,0.0,2.3118077135986
2CXO J174506.0-290512,,acisfJ1745401m290028_001,6641,0,8211,,,,0.0,0.0,0.0,8.8237233175145e-15,0.0,2.5342969908084
2CXO J174506.0-290512,,acisfJ1745401m290028_001,6642,0,8211,,,,0.0,0.0,0.0,5.3962789260936e-15,0.0,2.4195914282627
2CXO J174506.0-290512,,acisfJ1745401m290028_001,6643,1,8211,,,,0.0,0.0,0.0,1.4470447989882e-15,0.0,1.7963660779407
2CXO J174506.0-290512,,acisfJ1745401m290028_001,6644,0,8211,,,,0.0,0.0,0.0,3.3472663180466e-15,0.0,2.3194298576818
2CXO J174506.0-290512,,acisfJ1745401m290028_001,6645,0,8211,,,,0.0,0.0,0.0,1.4887005670567e-14,0.0,4.6152318680829
2CXO J174506.0-290512,,acisfJ1745401m290028_001,6646,1,8211,,,,0.0,0.0,0.0,1.3104918644298e-14,0.0,1.765637161748
2CXO J174506.0-290512,,acisfJ1745401m290028_001,7555,0,8211,,,,0.0,0.0,0.0,9.0820300062289e-15,0.0,2.3015146896014
2CXO J174506.0-290512,,acisfJ1745401m290028_001,7556,0,8211,,,,0.0,0.0,0.0,4.7399620281989e-15,0.0,2.2741121598069
2CXO J174506.0-290512,,acisfJ1745401m290028_001,7557,0,8211,,,,0.0,0.0,0.0,6.8810942032836e-15,0.0,2.97402703003
2CXO J174506.0-290512,,acisfJ1745401m290028_001,7558,0,8211,,,,0.0,0.0,0.0,9.2199621343218e-15,0.0,1.7973246467944
2CXO J174506.0-290512,,acisfJ1745401m290028_001,7559,0,8211,,,,0.0,0.0,0.0,2.2960768916878e-15,0.0,1.7862109848122
2CXO J174506.0-290512,,acisfJ1745401m290028_001,9169,0,8211,,,,0.0,0.0,0.0,6.231316525104e-15,0.0,4.4166946139579
2CXO J174506.0-290512,,acisfJ1745401m290028_001,9170,0,8211,,,,0.0,0.0,0.0,2.5807524529846e-15,0.0,4.6572829639997
2CXO J174506.0-290512,,acisfJ1745401m290028_001,9171,1,8211,,,,0.0,0.0,0.0,2.8243890912727e-15,0.0,4.0926862941282
2CXO J174506.0-290512,,acisfJ1745401m290028_001,9172,1,8211,,,,0.0,0.0,0.0,5.8179120909224e-15,0.0,5.3143966685129
2CXO J174506.0-290512,,acisfJ1745401m290028_001,9173,0,8211,,,,0.0,0.0,0.0,1.4255768877646e-14,0.0,5.6386376979445
2CXO J174506.0-290512,,acisfJ1745401m290028_001,9174,0,8211,,,,0.0,0.0,0.0,1.8621943959213e-14,0.0,7.3711686842917
2CXO J174506.0-290512,,acisfJ1745401m290028_001,10556,0,8211,,,,0.0,0.0,0.0,3.183640410096e-15,0.0,10.242889596837
2CXO J174506.0-290512,,acisfJ1745401m290028_001,11843,0,8211,,,,0.0,0.0,0.0,1.8499939373609e-15,0.0,6.153403462565
2CXO J174506.0-290512,,acisfJ1745401m290028_001,13016,0,8211,,,,0.0,0.0,0.0,1.6047669395124e-15,0.0,3.3419932530199
2CXO J174506.0-290512,,acisfJ1745401m290028_001,13017,0,8211,,,,0.0,0.0,0.0,3.5783744545192e-15,0.0,3.910590070979
2CXO J174506.0-290512,,acisfJ1745401m290028_001,14941,0,8211,,,,0.0,0.0,0.0,4.9985318521368e-15,0.0,4.6700405657739
2CXO J174506.0-290512,,acisfJ1745401m290028_001,14942,0,8211,,,,0.0,0.0,0.0,5.2437486662135e-15,0.0,2.4948357512071
2CXO J111513.6-611657,,acisfJ1115042m611530_001,633,0,233,,,,5.7160990820694,9.1013249533693e-16,4.1369658878951e-16,1.4065684018843e-15,2.6130738660889,8.6558071814194
2CXO J111513.6-611657,,acisfJ1115042m611530_001,12328,0,233,0.45940947360441,0.36672033319934005,0.20466817739370002,19.706795727267,9.8964706484913e-16,6.8921849159136e-16,1.2900756381069e-15,14.028566449919,25.051011517712
2CXO J111513.6-611657,,acisfJ1115042m611530_001,12329,0,233,0.48077308967998,0.38882086822890005,0.17205123809365996,12.105021350773,6.9327494337411e-16,4.0055885617171e-16,9.8599103057651e-16,7.5051132374792,16.462829037051
2CXO J111513.6-611657,,acisfJ1115042m611530_001,12330,0,233,0.58971508753558,0.23598985564342,0.10667865693328005,14.137418996395,1.7080918748972e-15,1.1168293028174e-15,2.299354446977e-15,9.5106273248477,18.764210667943
2CXO J111513.6-611657,,acisfJ1115042m611530_001,13162,0,233,,,,2.925834767,3.3524524578065e-16,1.8624735876703e-17,6.518657556846e-16,0.67519263853846,5.1764768954615
2CXO J111501.7-611751,,acisfJ1115042m611530_001,633,0,1814,,,,2.3483920819259,4.0545610411651e-16,1.9307433529358e-17,7.9160477470366e-16,0.40841601424799,4.2883681496039
2CXO J111501.7-611751,,acisfJ1115042m611530_001,12328,0,1814,0.99999999970944,0.9999103666162499,0.9999999732884381,45.707786045761,6.0036507226964e-15,4.92554437037e-15,7.0817570750227e-15,37.460806473499,53.954765618023
2CXO J111501.7-611751,,acisfJ1115042m611530_001,12329,0,1814,,,,2.4757100835105,2.4558591350863e-16,1.1694567309935e-17,4.6778269239739e-16,0.22506455304641,4.7263556139746
2CXO J111501.7-611751,,acisfJ1115042m611530_001,12330,0,1814,,,,0.0,0.0,0.0,3.6190159116326e-16,0.0,2.1043418362532
2CXO J111501.7-611751,,acisfJ1115042m611530_001,13162,0,1814,,,,6.714264473559,2.1493247581578e-15,1.1037073082432e-15,3.1949422080723e-15,3.4478655404762,9.9806634066417
2CXO J111459.1-611707,,acisfJ1115042m611530_001,633,0,202,,,,0.0,0.0,0.0,6.2680760745002e-16,0.0,2.0962101860982
2CXO J111459.1-611707,,acisfJ1115042m611530_001,12328,0,202,,,,1.6461549578495,4.0914772133361e-16,1.7789031362331e-17,7.8271737994255e-16,0.0,3.292309915699
2CXO J111459.1-611707,,acisfJ1115042m611530_001,12329,0,202,,,,2.4531230768929,2.534706827882e-16,1.1521394672191e-17,4.9541997090421e-16,0.22301118880844,4.6832349649773
2CXO J111459.1-611707,,acisfJ1115042m611530_001,12330,0,202,0.41003572750554,0.28753040778591,0.18619635506868004,59.170232281148,1.3231182483196e-14,1.1143495585468e-14,1.5318869380923e-14,49.821215579625,68.519248982672
2CXO J111459.1-611707,,acisfJ1115042m611530_001,13162,0,202,,,,2.1490196628979,3.5869805030166e-16,0.0,7.4130930395676e-16,0.19536542389981,4.1026739018959
